Name,NetWorth,Country,Source,Rank,Age,Residence,Citizenship,Status,Children,Education,Self_made,geometry;;
"Jeff Bezos,177,United States,e-commerce,1,57,""Seattle, Washington"",United States,In Relationship,4,""Bachelor of Arts/Science, Princeton University"",TRUE,POINT (-122.3300624 47.6038321)";;
"Elon Musk,151,United States,electric vehicles,2,49,""Austin, Texas"",United States,In Relationship,7,""Bachelor of Arts/Science, University of Pennsylvania"",TRUE,POINT (-97.74369950000001 30.2711286)";;
"Bernard Arnault & family,150,France,luxury goods,3,72,""Paris, France"",France,Married,5,""Bachelor of Arts/Science, Ecole Polytechnique de Paris"",FALSE,POINT (2.3514616 48.8566969)";;
"Bill Gates,124,United States,software,4,65,""Medina, Washington"",United States,Divorced,3,""Drop Out, Harvard University"",TRUE,POINT (-122.2264453 47.620548)";;
"Mark Zuckerberg,97,United States,social network,5,36,""Palo Alto, California"",United States,Married,2,""Drop Out, Harvard University"",TRUE,POINT (-122.1598465 37.4443293)";;
"Warren Buffett,96,United States,finance,6,90,""Omaha, Nebraska"",United States,""Widowed, Remarried"",3,""Master of Science, Columbia University";" Bachelor of Arts/Science, University of Nebraska Lincoln"",TRUE,POINT (-95.9383758 41.2587459)";
"Larry Ellison,93,United States,software,7,76,""Lanai, Hawaii"",United States,In Relationship,4,""Drop Out, University of Chicago";" Drop Out, University of Illinois, Urbana-Champaign"",TRUE,POINT (-156.9029493 20.8305441)";
"Larry Page,91.5,United States,online services,8,48,""Palo Alto, California"",United States,Married,1,""Master of Science, Stanford University";" Bachelor of Arts/Science, University of Michigan"",TRUE,POINT (-122.1598465 37.4443293)";
"Sergey Brin,89,United States,online services,9,47,""Los Altos, California"",United States,Married,3,""Master of Science, Stanford University";" Bachelor of Arts/Science, University of Maryland, College Park"",TRUE,POINT (-122.116578 37.3790629)";
"Mukesh Ambani,84.5,India,diversified,10,64,""Mumbai, India"",India,Married,3,""Drop Out, Stanford University";" Bachelor of Science in Engineering, University of Mumbai"",FALSE,POINT (72.8773928 19.0759899)";
"Amancio Ortega,77,Spain,fashion retail,11,85,""La Coruna, Spain"",Spain,Married,3,,TRUE,POINT (-8.3958768 43.3712091)";;
"Francoise Bettencourt Meyers & family,73.6,France,beauty products,12,67,""Paris, France"",France,Married,2,,FALSE,POINT (2.3514616 48.8566969)";;
"Zhong Shanshan,68.9,China,""beverages, pharmaceutical"",13,66,""Hangzhou, China"",China,,,,TRUE,POINT (120.2052342 30.2489634)";;
"Steve Ballmer,68.7,United States,software,14,65,""Hunts Point, Washington"",United States,Married,3,""Bachelor of Arts/Science, Harvard University";" Drop Out, Stanford University"",TRUE,POINT (-122.230124 47.6434321)";
"Ma Huateng,65.8,China,internet media,15,49,""Shenzhen, China"",China,Married,,""Bachelor of Arts/Science, Shenzhen University"",TRUE,POINT (114.0543297 22.555454)";;
"Carlos Slim Helu & family,62.8,Mexico,telecom,16,81,""Mexico City, Mexico"",Mexico,Widowed,6,""Bachelor of Arts/Science, Universidad Nacional Autonoma de Mexico"",TRUE,POINT (-99.1331785 19.4326296)";;
"Alice Walton,61.8,United States,retail store,17,71,""Fort Worth, Texas"",United States,Divorced,,""Bachelor of Arts/Science, Trinity University"",FALSE,POINT (-97.33274590000001 32.753177)";;
"Jim Walton,60.2,United States,retail store,18,72,""Bentonville, Arkansas"",United States,Married,4,""Bachelor of Arts/Science, University of Arkansas"",FALSE,POINT (-94.2088172 36.3728538)";;
"Rob Walton,59.5,United States,retail store,19,76,""Bentonville, Arkansas"",United States,Married,3,""Doctor of Jurisprudence, Columbia University";" Bachelor of Arts/Science, University of Arkansas"",FALSE,POINT (-94.2088172 36.3728538)";
"Michael Bloomberg,59,United States,Bloomberg LP,20,79,""New York, New York"",United States,In Relationship,2,""Master of Business Administration, Harvard Business School";" Bachelor of Arts/Science, Johns Hopkins University"",TRUE,POINT (-74.00601519999999 40.7127281)";
"Colin Zheng Huang,55.3,China,e-commerce,21,41,""Shanghai, China"",China,,,""Master, University of Wisconsin Madison";" Bachelor of Arts/Science, Zhejiang University"",TRUE,POINT (121.4692071 31.2322758)";
"MacKenzie Scott,53,United States,e-commerce,22,51,""Seattle, Washington"",United States,Married,4,""Bachelor of Arts/Science, Princeton University"",FALSE,POINT (-122.3300624 47.6038321)";;
"Daniel Gilbert,51.9,United States,finance,23,59,""Franklin, Michigan"",United States,Married,5,""Bachelor of Arts/Science, Michigan State University";" LLB, Wayne State University"",TRUE,POINT (-83.3060432 42.5222567)";
"Gautam Adani & family,50.5,India,""infrastructure, commodities"",24,58,""Ahmedabad, India"",India,Married,2,,TRUE,POINT (72.5797068 23.0216238)";;
"Phil Knight & family,49.9,United States,sports apparel,25,83,""Hillsboro, Oregon"",United States,Married,3,""Master of Business Administration, Stanford Graduate School of Business";" Bachelor of Arts/Science, University of Oregon"",TRUE,POINT (-122.989827 45.5228939)";
"Jack Ma,48.4,China,e-commerce,26,56,""Hangzhou, China"",China,Married,,""Bachelor of Arts/Science, Hangzhou Teacher's Institute"",TRUE,POINT (120.2052342 30.2489634)";;
"Charles Koch,46.4,United States,oil & gas,27,85,""Wichita, Kansas"",United States,Married,2,""Bachelor of Arts/Science, Massachusetts Institute of Technology";" Master of Science, Massachusetts Institute of Technology"",FALSE,POINT (-97.3375448 37.6922361)";
"Julia Koch & family,46.4,United States,oil & gas,27,59,""New York, New York"",United States,Widowed,3,,FALSE,POINT (-74.00601519999999 40.7127281)";;
"Masayoshi Son,45.4,Japan,""internet, telecom"",29,63,""Tokyo, Japan"",Japan,Married,2,""Bachelor of Arts/Science, University of California, Berkeley"",TRUE,POINT (139.7594549 35.6828387)";;
"Michael Dell,45.1,United States,computer hardware,30,56,""Austin, Texas"",United States,Married,4,""Drop Out, The University of Texas at Austin"",TRUE,POINT (-97.74369950000001 30.2711286)";;
"Tadashi Yanai & family,44.1,Japan,fashion retail,31,72,""Tokyo, Japan"",Japan,Married,2,""Bachelor of Arts/Science, Waseda University"",TRUE,POINT (139.7594549 35.6828387)";;
"François Pinault & family,42.3,France,luxury goods,32,84,""Paris, France"",France,Married,3,""Drop Out, High School"",TRUE,POINT (2.3514616 48.8566969)";;
"David Thomson & family,41.8,Canada,media,33,63,""Toronto, Canada"",Canada,Divorced,4,""Master of Arts, University of Cambridge"",FALSE,POINT (-79.3839347 43.6534817)";;
Beate Heister & Karl Albrecht Jr.,39.2,Germany,supermarkets,34,,Germany,Germany,,,,FALSE,POINT (10.4234469 51.0834196);;
"Wang Wei,39,China,package delivery,35,50,""Shenzhen, China"",China,,,,TRUE,POINT (114.0543297 22.555454)";;
"Miriam Adelson,38.2,United States,casinos,36,75,""Las Vegas, Nevada"",United States,Widowed,5,""Bachelor of Science, Hebrew University Jerusalem"",FALSE,POINT (-115.148516 36.1672559)";;
"He Xiangjian,37.7,China,home appliances,37,78,""Foshan, China"",China,Married,3,,TRUE,POINT (113.1146335 23.0247687)";;
"Dieter Schwarz,36.9,Germany,retail,38,81,""Neckarsulm, Germany"",Germany,Married,2,,FALSE,POINT (9.224944300000001 49.191735)";;
"Zhang Yiming,35.6,China,social network,39,37,""Beijing, China"",China,,,""Bachelor of Engineering, Nankai University"",TRUE,POINT (116.3912757 39.906217)";;
"Giovanni Ferrero,35.1,Italy,food,40,56,""Brussels, Belgium"",Italy,Married,2,,FALSE,POINT (4.351697 50.8465573)";;
"Alain Wertheimer,34.5,France,luxury goods,41,72,""New York, New York"",France,Married,3,,FALSE,POINT (-74.00601519999999 40.7127281)";;
"Gerard Wertheimer,34.5,France,luxury goods,41,70,""New York, New York"",France,Married,2,,FALSE,POINT (-74.00601519999999 40.7127281)";;
"Li Ka-shing,33.7,Hong Kong,diversified,43,92,Hong Kong,Hong Kong,Widowed,2,""Drop Out, High School"",TRUE,POINT (114.1628131 22.2793278)";;
"Qin Yinglin & family,33.5,China,pig breeding,44,56,""Nanyang, China"",China,Married,,,TRUE,POINT (112.5292693 33.0010496)";;
"William Lei Ding,33,China,online games,45,49,""Hangzhou, China"",China,,,""Bachelor of Arts/Science, University of Electronic Science and Technology of China"",TRUE,POINT (120.2052342 30.2489634)";;
"Len Blavatnik,32,United States,""music, chemicals"",46,63,""London, United Kingdom"",United States,Married,,""Master of Science, Columbia University"; Master of Business Administration, Harvard Business School;" Bachelor of Arts/Science, Moscow State University"",TRUE,POINT (-0.1276474 51.5073219)"
"Lee Shau Kee,31.7,Hong Kong,real estate,47,93,""Hong Kong, Hong Kong"",Hong Kong,Divorced,5,,TRUE,POINT (114.1628131 22.2793278)";;
"Jacqueline Mars,31.3,United States,""candy, pet food"",48,81,""The Plains, Virginia"",United States,Divorced,3,""Bachelor of Arts/Science, Bryn Mawr College"",FALSE,POINT (-77.774073 38.8624506)";;
"John Mars,31.3,United States,""candy, pet food"",48,85,""Jackson, Wyoming"",United States,Married,3,""Diploma, The Hotchkiss School";" Bachelor of Arts/Science, Yale University"",FALSE,POINT (-110.761815 43.479965)";
"Yang Huiyan & family,29.6,China,real estate,50,39,""Foshan, China"",China,Married,,""Bachelor of Arts/Science, Ohio State University"",FALSE,POINT (113.1146335 23.0247687)";;
"Alexey Mordashov & family,29.1,Russia,""steel, investments"",51,55,""Moscow, Russia"",Russia,Married,7,""Bachelor of Arts/Science, Leningrad Institute of Economics";" Master of Business Administration, University of Northumbria"",TRUE,POINT (37.6174943 55.7504461)";
"Robin Zeng,28.4,Hong Kong,batteries,52,52,""Ningde, China"",Hong Kong,,,""Doctorate, Chinese Academy of Social Sciences"",TRUE,POINT (119.5432715 26.6695006)";;
"Hui Ka Yan,27.7,China,real estate,53,62,""Shenzhen, China"",China,Married,2,""Bachelor of Arts/Science, Wuhan U of  Science & Tec"",TRUE,POINT (114.0543297 22.555454)";;
"Susanne Klatten,27.7,Germany,automobiles,53,59,""Bad Homburg, Germany"",Germany,Married,3,""Master of Business Administration, International Institute for Management and Development"",FALSE,POINT (8.6287451 50.2227094)";;
"Vladimir Potanin,27,Russia,metals,55,60,""Moscow, Russia"",Russia,Married,7,""Bachelor of Arts/Science, Moscow Institute of International Relations"",TRUE,POINT (37.6174943 55.7504461)";;
"Dietrich Mateschitz,26.9,Austria,beverages,56,76,""Fuschl am See, Austria"",Austria,Single,1,""Master of Business Administration, University of Vienna"",TRUE,POINT (13.3027787 47.7963895)";;
"Pang Kang,26.4,China,soy sauce,57,65,""Foshan, China"",China,,,,TRUE,POINT (113.1146335 23.0247687)";;
"Klaus-Michael Kuehne,26.3,Germany,shipping,58,83,""Schindellegi, Switzerland"",Germany,Married,,,FALSE,POINT (8.711202699999999 47.175612)";;
"Vladimir Lisin,26.2,Russia,""steel, transport"",59,65,""Moscow, Russia"",Russia,Married,3,""Doctorate, Russian Academy of Economics";" Bachelor of Arts/Science, Siberian Metallurgical Institute"",TRUE,POINT (37.6174943 55.7504461)";
"Wang Xing,26.1,China,e-commerce,60,42,""Beijing, China"",China,,,""Graduate, Tsinghua University"",TRUE,POINT (116.3912757 39.906217)";;
"German Larrea Mota Velasco & family,25.9,Mexico,mining,61,67,""Mexico City, Mexico"",Mexico,Married,,,FALSE,POINT (-99.1331785 19.4326296)";;
"Leonardo Del Vecchio & family,25.8,Italy,eyeglasses,62,85,""Milan, Italy"",Italy,Married,6,,TRUE,POINT (9.1905 45.4668)";;
"Takemitsu Takizaki,25.8,Japan,sensors,62,75,""Osaka, Japan"",Japan,Married,,,TRUE,POINT (135.490357 34.6198813)";;
"Leonard Lauder,25.5,United States,beauty products,64,88,""New York, New York"",United States,""Widowed, Remarried"",2,""Bachelor of Arts/Science, University of Pennsylvania"",FALSE,POINT (-74.00601519999999 40.7127281)";;
"Thomas Peterffy,25,United States,discount brokerage,65,76,""Palm Beach, Florida"",United States,Divorced,3,""Drop Out, New York University"",TRUE,POINT (-80.4494174 26.6279798)";;
"Vagit Alekperov,24.9,Russia,oil,66,70,""Moscow, Russia"",Russia,Married,1,""Bachelor of Science in Engineering, Azerbaijan Institute of Oil and Chemistry"",TRUE,POINT (37.6174943 55.7504461)";;
"Leonid Mikhelson,24.9,Russia,""gas, chemicals"",66,65,""Moscow, Russia"",Russia,Married,2,""Bachelor of Arts/Science, Kuybyshev Engineering and Construction Institute"",TRUE,POINT (37.6174943 55.7504461)";;
"Jim Simons,24.6,United States,hedge funds,68,83,""East Setauket, New York"",United States,Married,3,""Bachelor of Arts/Science, Massachusetts Institute of Technology";" Doctorate, University of California, Berkeley"",TRUE,POINT (-73.10585589999999 40.9418427)";
"Jiang Rensheng & family,24.4,China,vaccines,69,67,""Chongqing, China"",China,Married,1,""Associate in Arts/Science, Guilin Medical University"",TRUE,POINT (106.5478767 29.5647398)";;
"Gina Rinehart,23.6,Australia,mining,70,67,""Perth, Australia"",Australia,Widowed,4,,FALSE,POINT (115.8854007 -31.9938566)";;
"Rupert Murdoch & family,23.5,United States,""newspapers, TV network"",71,90,""New York, New York"",United States,Married,6,""Bachelor of Arts/Science, Oxford University";" Master of Arts, Oxford University"",FALSE,POINT (-74.00601519999999 40.7127281)";
"Shiv Nadar,23.5,India,software services,71,75,""Delhi, India"",India,Married,1,""Bachelor of Arts/Science, PSG College of Technology"",TRUE,POINT (77.2219388 28.6517178)";;
"Zhang Zhidong,23.4,China,internet media,73,49,""Shenzhen, China"",China,,,""Bachelor of Arts/Science, Shenzhen University";" Master of Arts, South China University of Technology"",TRUE,POINT (114.0543297 22.555454)";
"Iris Fontbona & family,23.3,Chile,mining,74,78,""Santiago, Chile"",Chile,Widowed,3,,FALSE,POINT (-70.65045019999999 -33.4377756)";;
"Lei Jun,23,China,smartphones,75,51,""Beijing, China"",China,Married,2,""Bachelor of Science in Engineering, Wuhan University"",TRUE,POINT (116.3912757 39.906217)";;
"Zhang Yong,23,Singapore,restaurants,75,50,""Singapore, Singapore"",Singapore,Married,,,TRUE,POINT (103.8194992 1.357107)";;
"Richard Qiangdong Liu,22.4,China,e-commerce,77,47,""Beijing, China"",China,Married,,""Bachelor of Arts/Science, Renmin University of China"",TRUE,POINT (116.3912757 39.906217)";;
"Gennady Timchenko,22,Russia,""oil, gas"",78,68,""Moscow, Russia"",Russia,Married,3,""Bachelor of Arts/Science, Leningrad Mechanical Institute"",TRUE,POINT (37.6174943 55.7504461)";;
"Stephen Schwarzman,21.9,United States,investments,79,74,""New York, New York"",United States,Married,3,""Master of Business Administration, Harvard Business School";" Bachelor of Arts/Science, Yale University"",TRUE,POINT (-74.00601519999999 40.7127281)";
"Goh Cheng Liang,21.7,Singapore,paints,80,93,""Singapore, Singapore"",Singapore,Widowed,3,,TRUE,POINT (103.8194992 1.357107)";;
"Stefan Quandt,21.6,Germany,automobiles,81,54,""Frankfurt, Germany"",Germany,Married,1,""Associate in Arts/Science, Technical University of Karlsruhe"",FALSE,POINT (8.682091700000001 50.1106444)";;
"Li Xiting,21.5,Singapore,medical devices,82,70,""Shenzhen, China"",Singapore,,,""Bachelor of Science, University of Science and Technology of China"",TRUE,POINT (114.0543297 22.555454)";;
"Pierre Omidyar,21.4,United States,e-commerce,83,53,""Honolulu, Hawaii"",United States,Married,3,""Bachelor of Arts/Science, Tufts University"",TRUE,POINT (-157.8556764 21.304547)";;
"Stefan Persson,21.3,Sweden,fashion retail,84,73,""Stockholm, Sweden"",Sweden,Married,3,""Associate in Arts/Science, University of Stockholm"",FALSE,POINT (18.0710935 59.3251172)";;
"Abigail Johnson,20.9,United States,money management,85,59,""Milton, Massachusetts"",United States,Married,2,""Master of Business Administration, Harvard Business School";" Bachelor of Arts/Science, Hobart and William Smith"",FALSE,POINT (-71.065573 42.2501425)";
"R. Budi Hartono,20.5,Indonesia,""banking, tobacco"",86,80,""Kudus, Indonesia"",Indonesia,Married,3,,FALSE,POINT (110.838189 -6.8170915)";;
"Andrew Forrest,20.4,Australia,mining,87,59,""Perth, Australia"",Australia,Married,3,""Bachelor of Arts/Science, University of Western Australia"",TRUE,POINT (115.8854007 -31.9938566)";;
"Ray Dalio,20.3,United States,hedge funds,88,71,""Greenwich, Connecticut"",United States,Married,4,""Master of Business Administration, Harvard Business School";" Bachelor of Arts/Science, Long Island University"",TRUE,POINT (-73.6284598 41.0264862)";
"Michael Hartono,19.7,Indonesia,""banking, tobacco"",89,81,""Kudus, Indonesia"",Indonesia,Married,4,,FALSE,POINT (110.838189 -6.8170915)";;
"Li Shufu,19.7,China,automobiles,89,57,""Hangzhou, China"",China,Married,,""Master of Science, Yanshan University"",TRUE,POINT (120.2052342 30.2489634)";;
"Zhong Huijuan,19.7,China,pharmaceutical,89,60,""Shanghai, China"",China,Married,,""EMBA, Nanjing University"",TRUE,POINT (121.4692071 31.2322758)";;
"Xu Hang,19.5,Hong Kong,medical devices,92,54,""Shenzhen, China"",Hong Kong,,,""EMBA, Ceibs"; Bachelor of Engineering, Tsinghua University;" Master of Science in Engineering, Tsinghua University"",TRUE,POINT (114.0543297 22.555454)"
"Lui Che Woo & family,19.4,Hong Kong,casinos/hotels,93,92,""Hong Kong, Hong Kong"",Hong Kong,Married,5,,TRUE,POINT (114.1628131 22.2793278)";;
"Emmanuel Besnier,19.1,France,cheese,94,50,""Laval, France"",France,,,,FALSE,POINT (-0.7723499 48.0710377)";;
"Laurene Powell Jobs & family,19,United States,technology telecom,95,57,""Palo Alto, California"",United States,Widowed,3,""Master of Business Administration, Stanford Graduate School of Business";" Bachelor of Arts/Science, University of Pennsylvania, The Wharton School"",FALSE,POINT (-122.1598465 37.4443293)";
"Eric Schmidt,18.9,United States,online services,96,66,""Atherton, California"",United States,Married,2,""Bachelor of Arts/Science, Princeton University"; Doctorate, University of California, Berkeley;" Master of Science, University of California, Berkeley"",TRUE,POINT (-122.2058272 37.453773)"
"Sun Piaoyang,18.9,China,pharmaceutical,96,62,""Lianyungang, China"",China,Married,1,""Bachelor of Arts/Science, China Pharmaceutical University";" Doctorate, Nanjing University"",TRUE,POINT (119.215813 34.5978596)";
"Theo Albrecht, Jr. & family,18.8,Germany,retail store,98,70,""Mulheim an der Ruhr, Germany"",Germany,,1,,FALSE,POINT (6.8829192 51.4272925)";;
"Alisher Usmanov,18.4,Russia,""steel, telecom, investments"",99,67,""Moscow, Russia"",Russia,Married,,""Master, Finance Academy under the Government of the Russian Federation";" Master of Laws, Moscow Institute of International Relations"",TRUE,POINT (37.6174943 55.7504461)";
"Robert Pera,18.3,United States,wireless networking gear,100,43,""San Jose, California"",United States,Single,,""Bachelor of Arts/Science, University of California, San Diego";" Master of Science, University of California, San Diego"",TRUE,POINT (-121.890583 37.3361905)";
"Wu Yajun,18.3,China,real estate,100,57,""Beijing, China"",China,Divorced,1,Northwestern Polytechnical University,TRUE,POINT (116.3912757 39.906217)";;
"Fan Hongwei & family,18.2,China,petrochemicals,102,54,""Wujiang, China"",China,Married,,,TRUE,POINT (120.6406744 31.1415158)";;
"Dhanin Chearavanont,18.1,Thailand,diversified,103,82,""Bangkok, Thailand"",Thailand,Married,5,,FALSE,POINT (100.4930399 13.7544238)";;
"Peter Woo,18,Hong Kong,real estate,104,74,""Hong Kong, Hong Kong"",Hong Kong,Married,3,""Master of Business Administration, Columbia Business School"",FALSE,POINT (114.1628131 22.2793278)";;
"Chen Bang,17.9,China,hospitals,105,55,""Changsha, China"",China,Married,,""Master of Business Administration, Hunan University"",TRUE,POINT (112.9335861 28.2302056)";;
"Andrey Melnichenko,17.9,Russia,""coal, fertilizers"",105,49,""Moscow, Russia"",Russia,Married,2,""Master of Science, Plekhanov Russian University of Economics"",TRUE,POINT (37.6174943 55.7504461)";;
"Dustin Moskovitz,17.8,United States,social network,107,36,""San Francisco, California"",United States,Married,,""Drop Out, Harvard University"",TRUE,POINT (-122.419906 37.7790262)";;
"Su Hua,17.8,China,video streaming,107,39,""Beijing, China"",China,,,""Bachelor of Science, Tsinghua University"",TRUE,POINT (116.3912757 39.906217)";;
"Donald Newhouse,17.6,United States,media,109,91,""New York, New York"",United States,Widowed,3,""Drop Out, Syracuse University"",FALSE,POINT (-74.00601519999999 40.7127281)";;
"Petr Kellner,17.5,Czechia,""finance, telecommunications"",110,,,Czechia,,4,""Bachelor of Arts/Science, University of Economics in Prague"",TRUE,POINT (15.4749544 49.8167003)";;
"Lee Man Tat,17.4,Hong Kong,food,111,91,""Hong Kong, Hong Kong"",Hong Kong,Married,5,,FALSE,POINT (114.1628131 22.2793278)";;
"Pavel Durov,17.2,Russia,messaging app,112,36,""Dubai, United Arab Emirates"",Russia,Single,2,""Master of Science, Saint Petersburg State University"",TRUE,POINT (55.1885387 25.0742823)";;
"James Ratcliffe,17,United Kingdom,chemicals,113,68,""London, United Kingdom"",United Kingdom,Married,,,TRUE,POINT (-0.1276474 51.5073219)";;
"Jorge Paulo Lemann & family,16.9,Brazil,beer,114,81,""Zurich, Switzerland"",Brazil,Married,5,""Bachelor of Arts/Science, Harvard University"",TRUE,POINT (8.5410422 47.3744489)";;
"Reinhold Wuerth & family,16.8,Germany,fasteners,115,86,""Kuenzelsau, Germany"",Germany,Married,3,,TRUE,POINT (9.690151200000001 49.2803765)";;
"Charlene de Carvalho-Heineken & family,16.7,Netherlands,beer,116,66,""London, United Kingdom"",Netherlands,Married,5,""Bachelor of Arts/Science, Rijnlands Lyceum Wassenaar";" Doctor of Jurisprudence, University of Leiden"",FALSE,POINT (-0.1276474 51.5073219)";
"Radhakishan Damani,16.5,India,""retail, investments"",117,66,""Mumbai, India"",India,Married,3,,TRUE,POINT (72.8773928 19.0759899)";;
"Wang Chuanfu,16.3,China,""batteries, automobiles"",118,55,""Shenzhen, China"",China,Married,,""Master of Science, Beijing Non-Ferrous Research Institute";" Bachelor of Arts/Science, Central South Industrial University of Technology"",TRUE,POINT (114.0543297 22.555454)";
"Steve Cohen,16,United States,hedge funds,119,64,""Greenwich, Connecticut"",United States,Married,7,""Bachelor of Arts/Science, University of Pennsylvania, The Wharton School"",TRUE,POINT (-73.6284598 41.0264862)";;
"Ken Griffin,16,United States,hedge funds,119,52,""Chicago, Illinois"",United States,Divorced,3,""Bachelor of Arts/Science, Harvard University"",TRUE,POINT (-87.6244212 41.8755616)";;
"Chen Zhiping,15.9,China,e-cigarettes,121,45,""Shenzhen, China"",China,Married,,""Master, China Europe International Business School";" Bachelor of Arts/Economics, Tongji University"",TRUE,POINT (114.0543297 22.555454)";
"Ernest Garcia, II.,15.9,United States,used cars,121,63,""Tempe, Arizona"",United States,Married,,""Bachelor of Science, Stanford University"",TRUE,POINT (-111.9400091 33.4255056)";;
"Uday Kotak,15.9,India,banking,121,62,""Mumbai, India"",India,Married,2,""Bachelor of Arts/Science, Bombay University";" Master of Business Administration, University of Bombay"",TRUE,POINT (72.8773928 19.0759899)";
"Carl Icahn,15.8,United States,investments,124,85,""Indian Creek, Florida"",United States,Married,2,""Drop Out, New York University";" Bachelor of Arts/Science, Princeton University"",TRUE,POINT (-80.1372166 25.8771392)";
"Suleiman Kerimov & family,15.8,Russia,investments,124,55,""Moscow, Russia"",Russia,Married,3,""Bachelor of Arts/Science, Dagestan State University"",TRUE,POINT (37.6174943 55.7504461)";;
"Thomas Frist, Jr. & family,15.7,United States,hospitals,126,82,""Nashville, Tennessee"",United States,Married,3,""Bachelor of Arts/Science, Vanderbilt University";" Medical Doctor, Washington University"",TRUE,POINT (-86.7743531 36.1622296)";
"Lukas Walton,15.6,United States,retail store,127,34,""Jackson, Wyoming"",United States,Single,,""Bachelor of Arts/Science, Colorado College"",FALSE,POINT (-110.761815 43.479965)";;
"Mikhail Fridman,15.5,Russia,""oil, banking, telecom"",128,57,""London, United Kingdom"",Russia,Divorced,5,""Bachelor of Arts/Science, Moscow Institute of Steel and Alloys"",TRUE,POINT (-0.1276474 51.5073219)";;
"Wei Jianjun & family,15.5,China,automobiles,128,57,""Baoding, China"",China,Married,,""Bachelor of Arts/Science, Hebei Province"",TRUE,POINT (115.490696 38.8579735)";;
"Zuo Hui,15.5,China,real estate services,128,50,""Beijing, China"",China,,,,TRUE,POINT (116.3912757 39.906217)";;
"Zhou Qunfei & family,15.4,Hong Kong,smartphone screens,131,,""Hong Kong, Hong Kong"",Hong Kong,Married,,,TRUE,POINT (114.1628131 22.2793278)";;
"Donald Bren,15.3,United States,real estate,132,88,""Newport Beach, California"",United States,Married,7,""Bachelor of Arts/Science, University of Washington"",TRUE,POINT (-117.9294401 33.6170092)";;
"Hinduja brothers,14.9,United Kingdom,diversified,133,,""London, United Kingdom"",United Kingdom,,,,FALSE,POINT (-0.1276474 51.5073219)";;
"Lakshmi Mittal,14.9,India,steel,133,70,""London, United Kingdom"",India,Married,2,""Bachelor of Arts/Science, St Xavier's College Calcutta"",FALSE,POINT (-0.1276474 51.5073219)";;
"Georg Schaeffler,14.9,Germany,auto parts,133,56,""Herzogenaurach, Germany"",Germany,Divorced,4,,FALSE,POINT (10.8815262 49.5710376)";;
"Eric Yuan & family,14.9,United States,video conferencing,133,51,""Santa Clara, California"",United States,Married,3,""Master of Engineering Management, China University of Mining and Technology";" Bachelor of Engineering, Shandong Institute of Business and Technology"",TRUE,POINT (-121.6846349 37.2333253)";
"Wang Jianlin,14.8,China,real estate,137,66,""Beijing, China"",China,Married,1,Liaoning University,TRUE,POINT (116.3912757 39.906217)";;
"Kwong Siu-hing,14.7,Hong Kong,real estate,138,91,""Hong Kong, Hong Kong"",Hong Kong,Widowed,4,,FALSE,POINT (114.1628131 22.2793278)";;
"Robin Li,14.7,China,internet search,138,52,""Beijing, China"",China,Married,4,""Bachelor of Arts/Science, Peking University";" Master of Arts, University at Buffalo"",TRUE,POINT (116.3912757 39.906217)";
"Pallonji Mistry,14.6,Ireland,construction,140,91,""Mumbai, India"",Ireland,Married,4,,FALSE,POINT (72.8773928 19.0759899)";;
"Eduardo Saverin,14.6,Brazil,social network,140,39,""Singapore, Singapore"",Brazil,Married,1,""Bachelor of Arts/Science, Harvard University"",TRUE,POINT (103.8194992 1.357107)";;
"Roman Abramovich,14.5,Russia,""steel, investments"",142,54,""Moscow, Russia"",Russia,Married,7,""Bachelor of Arts/Science, Moscow State Law Academy"",TRUE,POINT (37.6174943 55.7504461)";;
"David Tepper,14.5,United States,hedge funds,142,63,New Jersey,United States,Married,3,""Master of Business Administration, David A. Tepper School of Business";" Bachelor of Arts/Science, University of Pittsburgh"",TRUE,POINT (-74.4041622 40.0757384)";
"Gong Hongjia & family,14.4,Hong Kong,video surveillance,144,56,""Hong Kong, Hong Kong"",Hong Kong,Married,2,""Bachelor of Arts/Science, Huazhong University of Science and Technology"",TRUE,POINT (114.1628131 22.2793278)";;
"Mike Cannon-Brookes,14.2,Australia,software,145,41,""Sydney, Australia"",Australia,Married,2,""Bachelor of Arts/Science, University of New South Wales"",TRUE,POINT (151.0979607 -33.8641922)";;
"John Menard, Jr.,14.2,United States,home improvement stores,145,81,""Eau Claire, Wisconsin"",United States,Married,6,""Bachelor of Arts/Science, University of Wisconsin, Eau Claire"",TRUE,POINT (-91.4984941 44.811349)";;
"Seo Jung-jin,14.2,South Korea,biotech,145,63,""Seoul, South Korea"",South Korea,Married,2,""Bachelor of Arts/Science, Konkuk University";" Master of Science, Konkuk University"",TRUE,POINT (126.9782914 37.5666791)";
"Cheng Yixiao,14.1,China,video streaming app,148,37,""Beijing, China"",China,,,,TRUE,POINT (116.3912757 39.906217)";;
"Liang Wengen,14.1,China,construction equipment,148,64,""Changsha, China"",China,Married,1,""Bachelor of Arts/Science, Central South University"",TRUE,POINT (112.9335861 28.2302056)";;
"Scott Farquhar,14,Australia,software,150,41,""Sydney, Australia"",Australia,Married,2,""Bachelor of Arts/Science, University of New South Wales"",TRUE,POINT (151.0979607 -33.8641922)";;
"Finn Rausing,13.9,Sweden,packaging,151,66,""London, United Kingdom"",Sweden,,,,FALSE,POINT (-0.1276474 51.5073219)";;
"Jorn Rausing,13.9,Sweden,packaging,151,61,""Surrey, United Kingdom"",Sweden,,,,FALSE,POINT (-0.3414524 51.2715316)";;
"Kirsten Rausing,13.9,Sweden,packaging,151,68,""Newmarket, United Kingdom"",Sweden,,,,FALSE,POINT (0.4065503 52.2443103)";;
"Brian Chesky,13.7,United States,online services,154,39,""San Francisco, California"",United States,Single,,""Bachelor of Arts/Science, Rhode Island School of Design"",TRUE,POINT (-122.419906 37.7790262)";;
"Joseph Lau,13.6,Hong Kong,real estate,155,69,""Hong Kong, Hong Kong"",Hong Kong,Divorced,6,,TRUE,POINT (114.1628131 22.2793278)";;
"David Duffield,13.5,United States,business software,156,80,""Incline Village, Nevada"",United States,Married,10,""Bachelor of Engineering, Cornell University";" Master of Business Administration, Samuel Curtis Johnson Graduate School of Management"",TRUE,POINT (-119.9519094 39.2501246)";
"Charoen Sirivadhanabhakdi,13.5,Thailand,""alcohol, real estate"",156,77,""Bangkok, Thailand"",Thailand,Married,5,,TRUE,POINT (100.4930399 13.7544238)";;
"Kim Jung-ju,13.3,South Korea,online games,158,53,""Seoul, South Korea"",South Korea,Married,2,""Doctorate, Korea Advanced Institute of Science and Technology"; Master of Science, Korea Advanced Institute of Science and Technology;" Bachelor of Arts/Science, Seoul National University"",TRUE,POINT (126.9782914 37.5666791)"
"Robert & Philip Ng,13.3,Singapore,real estate,158,,""Singapore, Singapore"",Singapore,,,,FALSE,POINT (103.8194992 1.357107)";;
"Zhang Bangxin,13.3,China,education,158,41,""Beijing, China"",China,,,""EMBA, China Europe International Business School"",TRUE,POINT (116.3912757 39.906217)";;
"Anders Holch Povlsen,13.2,Denmark,fashion retail,161,48,""Aarhus, Denmark"",Denmark,Married,4,,FALSE,POINT (10.2134046 56.1496278)";;
"Wang Wenyin,13.2,China,""mining, copper products"",161,53,""Shenzhen, China"",China,,,,TRUE,POINT (114.0543297 22.555454)";;
"Wang Liping & family,13.1,China,hydraulic machinery,163,55,""Changzhou, China"",China,Married,,,TRUE,POINT (119.9691539 31.8122623)";;
"Tatyana Bakalchuk,13,Russia,ecommerce,164,45,""Moscow region, Russia"",Russia,Married,4,""Bachelor of Science, State University of Management"",TRUE,POINT (40.3072897 43.6713223)";;
"Michael Platt,13,United Kingdom,hedge funds,164,53,""Geneva, Switzerland"",United Kingdom,,,""Bachelor of Arts/Science, London School of Economics";" Bachelor of Arts/Science, London School of Economics"",TRUE,POINT (6.1466014 46.2017559)";
"Huang Shilin,12.9,China,batteries,166,54,""Ningde, China"",China,,,""Bachelor of Technology, Hefei University of Technology"",TRUE,POINT (119.5432715 26.6695006)";;
"Ricardo Salinas Pliego & family,12.9,Mexico,""retail, media"",166,65,""Mexico City, Mexico"",Mexico,Married,6,""Master of Business Administration, A. B. Freeman School of Business";" Bachelor of Arts/Science, Tecnológico de Monterrey"",FALSE,POINT (-99.1331785 19.4326296)";
"Kumar Birla,12.8,India,commodities,168,53,""Mumbai, India"",India,Married,3,""Master of Business Administration, London Business School";" Bachelor of Arts/Science, University of Bombay"",FALSE,POINT (72.8773928 19.0759899)";
"Dang Yanbao,12.7,China,coal,169,48,""Yinchuan, China"",China,,,""Master of Business Administration, Peking University"",TRUE,POINT (106.2261926 38.4852037)";;
"Cyrus Poonawalla,12.7,India,vaccines,169,79,""Pune, India"",India,Widowed,1,""Bachelor of Arts/Science, Pune University";" Doctorate, Pune University"",FALSE,POINT (73.8544541 18.521428)";
"Robert Kuok,12.6,Malaysia,""palm oil, shipping, property"",171,97,""Hong Kong, Hong Kong"",Malaysia,Married,8,""Bachelor of Arts/Science, Raffles College"",TRUE,POINT (114.1628131 22.2793278)";;
"Hank & Doug Meijer,12.6,United States,supermarkets,171,,""Grand Rapids, Michigan"",United States,,,,FALSE,POINT (-85.6678639 42.9632405)";;
"Jack Dorsey,12.5,United States,social network,173,44,""San Francisco, California"",United States,Single,,""Drop Out, New York University"",TRUE,POINT (-122.419906 37.7790262)";;
"Lu Zhongfang,12.5,China,education,173,78,""Tonghua, China"",China,,,,TRUE,POINT (125.9170455 41.7225544)";;
"Ma Jianrong & family,12.5,China,""textiles, apparel"",173,57,""Ningbo, China"",China,Married,,,TRUE,POINT (121.6203873 29.8622194)";;
"Zhang Tao,12.5,China,e-commerce,173,48,""Beijing, China"",China,,,,TRUE,POINT (116.3912757 39.906217)";;
"Nathan Blecharczyk,12.4,United States,internet service provider,177,37,""San Francisco, California"",United States,Married,2,""Bachelor of Arts/Science, Harvard University"",TRUE,POINT (-122.419906 37.7790262)";;
"John Doerr,12.4,United States,venture capital,177,69,""Woodside, California"",United States,Married,2,""Master of Business Administration, Harvard University"; Bachelor of Arts/Science, Rice University;" Master of Science, Rice University"",TRUE,POINT (-122.2538557 37.4299388)"
"Joe Gebbia,12.4,United States,internet service provider,177,39,""San Francisco, California"",United States,In Relationship,,""Bachelor of Arts/Science, Rhode Island School of Design"",TRUE,POINT (-122.419906 37.7790262)";;
"Forrest Li,12.4,Singapore,gaming,177,43,""Singapore, Singapore"",Singapore,Married,,""Bachelor of Engineering, Shanghai Jiaotong University";" Master of Business Administration, Stanford Graduate School of Business"",TRUE,POINT (103.8194992 1.357107)";
"Yu Renrong,12.3,China,semiconductors,181,55,""Ningbo, China"",China,,,""Bachelor of Science in Engineering, Tsinghua University"",TRUE,POINT (121.6203873 29.8622194)";;
"Liu Yonghao & family,12.1,China,agribusiness,182,69,""Chengdu, China"",China,Married,2,,TRUE,POINT (104.0633717 30.6598628)";;
"Gordon Moore,12.1,United States,computer hardware,182,92,""Woodside, California"",United States,Married,2,""Doctorate, California Institute of Technology";" Bachelor of Arts/Science, University of California, Berkeley"",TRUE,POINT (-122.2538557 37.4299388)";
"Jeff Yass,12,United States,""trading, investments"",184,62,""Haverford, Pennsylvania"",United States,Married,4,""Bachelor of Arts/Economics, SUNY Binghamton"",TRUE,POINT (-75.2943516 40.0131672)";;
"Bobby Murphy,11.9,United States,social network,185,32,""Venice, California"",United States,Single,,""Bachelor of Arts/Science, Stanford University"",TRUE,POINT (-118.4615272 33.9883349)";;
"Patrick Drahi,11.8,France,telecom,186,57,""Zermatt, Switzerland"",France,Married,4,,TRUE,POINT (7.7494002 46.0222273)";;
Jensen Huang,11.8,United States,semiconductors,186,,,,,,,,POINT (-100.4458825 39.7837304);;
"Alexander Otto,11.8,Germany,real estate,186,53,""Hamburg, Germany"",Germany,Married,,""Master of Business Administration, Harvard Business School";" Bachelor of Arts/Science, Harvard College"",FALSE,POINT (10.000654 53.550341)";
"Cen Junda,11.6,China,pharmaceutical,189,56,""Lianyungang, China"",China,,,""Doctorate, Zhejiang University"",TRUE,POINT (119.215813 34.5978596)";;
"Joseph Tsai,11.6,Canada,e-commerce,189,57,""Hong Kong, Hong Kong"",Canada,Married,3,""Bachelor of Arts/Science, Yale University";" Doctor of Jurisprudence, Yale University"",TRUE,POINT (114.1628131 22.2793278)";
"Aliko Dangote,11.5,Nigeria,""cement, sugar"",191,64,""Lagos, Nigeria"",Nigeria,Divorced,3,""Bachelor of Arts/Science, Al-Azhar University"",TRUE,POINT (3.3941795 6.4550575)";;
"Marcel Herrmann Telles,11.5,Brazil,beer,191,71,""Sao Paulo, Brazil"",Brazil,Married,2,""Bachelor of Arts/Science, Universidade Federal do Rio de Janeiro"",TRUE,POINT (-46.6333824 -23.5506507)";;
"Mikhail Prokhorov,11.4,Russia,investments,193,56,""Moscow, Russia"",Russia,Single,,""Bachelor of Arts/Science, Moscow Institute of Finance"",TRUE,POINT (37.6174943 55.7504461)";;
"Jorge Moll Filho & family,11.3,Brazil,hospitals,194,76,""Rio de Janeiro, Brazil"",Brazil,Married,5,""Masters of Public Health, Universidade Federal do Rio de Janeiro"",TRUE,POINT (-43.2093727 -22.9110137)";;
"Viktor Rashnikov,11.2,Russia,steel,195,72,""Magnitogorsk, Russia"",Russia,Married,2,""Bachelor of Science in Engineering, Magnitogorsk Mining and Metallurgical Institute"",TRUE,POINT (58.983136 53.4242184)";;
"Harry Triguboff,11.2,Australia,real estate,195,88,""Sydney, Australia"",Australia,Married,2,""Bachelor of Arts/Science, University of Leeds"",TRUE,POINT (151.0979607 -33.8641922)";;
"Leonid Fedun & family,11.1,Russia,oil,197,65,""Moscow, Russia"",Russia,Married,2,""Master of Science, Military Academy F.E.Dzerzhinsky"",TRUE,POINT (37.6174943 55.7504461)";;
"Eyal Ofer,11.1,Israel,""real estate, shipping"",197,70,""Monte Carlo, Monaco"",Israel,Married,4,,FALSE,POINT (7.426559 43.7402961)";;
"Evan Spiegel,11.1,United States,social network,197,30,""Los Angeles, California"",United States,Married,2,""Bachelor of Science, Stanford University"",TRUE,POINT (-118.242766 34.0536909)";;
"Luis Carlos Sarmiento,11,Colombia,banking,200,88,""Bogota, Colombia"",Colombia,Married,5,""Bachelor of Arts/Science, National University of Colombia"",TRUE,POINT (-74.083652 4.6533326)";;
"Andreas Struengmann & family,11,Germany,pharmaceutical,200,71,""Tegernsee, Germany"",Germany,Married,2,""Medical Doctor, University at Buffalo"",TRUE,POINT (11.7543337 47.7099191)";;
"Thomas Struengmann & family,11,Germany,pharmaceutical,200,71,""Tegernsee, Germany"",Germany,Married,4,""Master of Business Administration, University of Augsburg";" Master of Business Administration, University of Augsburg"",TRUE,POINT (11.7543337 47.7099191)";
"Rodolphe Saadé & family,10.9,France,shipping,203,51,""Marseille, France"",France,,,""Bachelor of Arts/Science, Concordia University"",FALSE,POINT (5.3699525 43.2961743)";;
"Dilip Shanghvi,10.9,India,pharmaceutical,203,65,""Mumbai, India"",India,Married,2,""Bachelor of Arts/Science, Calcutta University"",TRUE,POINT (72.8773928 19.0759899)";;
"Tom & Judy Love,10.8,United States,retail & gas stations,205,,""Oklahoma City, Oklahoma"",United States,Married,4,,TRUE,POINT (-97.5170536 35.4729886)";;
"Anthony Pratt,10.8,Australia,manufacturing,205,61,""Melbourne, Australia"",Australia,,2,""Bachelor of Arts/Economics, Monash University"",FALSE,POINT (144.960964 -37.8077694)";;
"Wang Laisheng,10.8,China,electronics components,205,56,""Shenzhen, China"",China,,,,TRUE,POINT (114.0543297 22.555454)";;
"Gianluigi & Rafaela Aponte,10.7,Switzerland,Shipping,208,80,""Geneva, Switzerland"",Switzerland,,2,,TRUE,POINT (6.1466014 46.2017559)";;
"Wang Laichun,10.7,China,electronics components,208,53,""Shenzhen, China"",China,Married,,""EMBA, Tsinghua University"",TRUE,POINT (114.0543297 22.555454)";;
"Chen Jianhua,10.6,China,chemicals,210,50,""Wujiang, China"",China,Married,,""Bachelor of Arts/Science, Nanjing Normal University"",TRUE,POINT (120.6406744 31.1415158)";;
"Leng Youbin,10.6,China,infant formula,210,52,""Beijing, China"",China,,,""Bachelor of Arts/Science, Northeast Agriculture University";" EMBA, Peking University"",TRUE,POINT (116.3912757 39.906217)";
"Charles Schwab,10.6,United States,discount brokerage,210,83,""Woodside, California"",United States,Married,5,""Master of Business Administration, Stanford Graduate School of Business";" Bachelor of Arts/Science, Stanford University"",TRUE,POINT (-122.2538557 37.4299388)";
"Li Zhenguo & family,10.5,China,solar wafers and modules,213,53,""Xi'an, China"",China,Married,,,TRUE,POINT (108.9352154 34.3430507)";;
"Sunil Mittal & family,10.5,India,telecom,213,63,""Delhi, India"",India,Married,3,""Bachelor of Arts/Science, Punjab University"",TRUE,POINT (77.2219388 28.6517178)";;
"Melker Schorling & family,10.5,Sweden,investments,213,73,""Stockholm, Sweden"",Sweden,Married,2,""Master of Business Administration, Gothenburg University"",TRUE,POINT (18.0710935 59.3251172)";;
"Cai Kui,10.4,China,real estate,216,58,""Chengdu, China"",China,Divorced,1,""Bachelor of Arts/Science, Nanjing University of Aeronautics & Astronautics"",TRUE,POINT (104.0633717 30.6598628)";;
"John Fredriksen,10.4,Cyprus,shipping,216,76,""London, United Kingdom"",Cyprus,Widowed,2,,TRUE,POINT (-0.1276474 51.5073219)";;
"Qi Shi & family,10.4,China,financial information,216,51,""Shanghai, China"",China,,,""EMBA, Fudan University";" Bachelor of Arts/Science, Shanghai Jiaotong University"",TRUE,POINT (121.4692071 31.2322758)";
"Chase Coleman, III.,10.3,United States,investments,219,45,""New York, New York"",United States,Married,,""Bachelor of Arts/Science, Williams College"",TRUE,POINT (-74.00601519999999 40.7127281)";;
"Hui Wing Mau,10.3,Hong Kong,real estate,219,70,""Hong Kong, Hong Kong"",Hong Kong,Married,2,""Master of Business Administration, University of South Australia"",TRUE,POINT (114.1628131 22.2793278)";;
"Edward Johnson, III.,10.3,United States,money management,219,90,""Boston, Massachusetts"",United States,Married,3,""Bachelor of Arts/Science, Harvard University"",FALSE,POINT (-71.0582912 42.3602534)";;
"Liu Hanyuan,10.3,China,agribusiness,219,57,""Chengdu, China"",China,Married,,""Bachelor of Arts/Science, Sichuan University"",TRUE,POINT (104.0633717 30.6598628)";;
"Larry Xiangdong Chen,10.2,China,education,223,49,""Beijing, China"",China,,,""Ph.D, Renmin University of China"",TRUE,POINT (116.3912757 39.906217)";;
"Philip Anschutz,10.1,United States,investments,224,81,""Denver, Colorado"",United States,Married,3,""Bachelor of Arts/Science, University of Kansas"",FALSE,POINT (-104.9848623 39.7392364)";;
"Dietmar Hopp & family,10.1,Germany,software,224,81,""Walldorf, Germany"",Germany,Married,2,""Master of Science, University of Karlsruhe"",TRUE,POINT (8.6433518 49.3038134)";;
"German Khan,10.1,Russia,""oil, banking, telecom"",224,59,""London, United Kingdom"",Russia,Married,4,""Bachelor of Arts/Science, Moscow Institute of Steel and Alloys"",TRUE,POINT (-0.1276474 51.5073219)";;
"Li Ge,10.1,United States,pharmaceutical ingredients,224,54,""Shanghai, China"",United States,Married,,""Ph.D, Columbia University"",TRUE,POINT (121.4692071 31.2322758)";;
"Jay Chaudhry,10,United States,security software,228,61,""Reno, Nevada"",United States,Married,3,,TRUE,POINT (-119.8126581 39.5261206)";;
Eric Wittouck,10,Belgium,investments,228,74,Monaco,Belgium,,,,FALSE,POINT (7.4276832 43.7323492);;
"Carl Cook,9.9,United States,medical devices,230,58,""Bloomington, Indiana"",United States,Married,,""Bachelor of Arts/Science, Purdue University";" Master of Business Administration, Tippie School of Management"",FALSE,POINT (-86.5342881 39.1670396)";
"Jan Koum,9.9,United States,software,230,45,""Atherton, California"",United States,Single,,""Drop Out, San Jose State University"",TRUE,POINT (-122.2058272 37.453773)";;
"Herbert Kohler, Jr. & family,9.8,United States,plumbing fixtures,232,82,""Kohler, Wisconsin"",United States,Married,3,""Bachelor of Arts/Science, Yale University"",FALSE,POINT (-87.7817541 43.7391616)";;
"Tobi Lutke,9.8,Canada,e-commerce,232,40,""Ottawa, Canada"",Canada,Married,3,,TRUE,POINT (-75.690308 45.421106)";;
"James Dyson,9.7,United Kingdom,vacuums,234,74,""Gloucestershire, United Kingdom"",United Kingdom,Married,3,,TRUE,POINT (-2.1666674 51.8333313)";;
"Mat Ishbia,9.7,United States,finance,234,41,""Bloomfield Hills, Michigan"",United States,Divorced,3,""Bachelor of Business Administration, Michigan State University"",FALSE,POINT (-83.24548830000001 42.583645)";;
"Savitri Jindal & family,9.7,India,steel,234,71,""Hisar, India"",India,Widowed,9,,FALSE,POINT (75.7461103 29.168807)";;
"Friedhelm Loh,9.7,Germany,manufacturing,234,74,""Haiger, Germany"",Germany,Married,3,,FALSE,POINT (8.2039451 50.7420214)";;
"Iskander Makhmudov,9.7,Russia,""mining, metals, machinery"",234,57,""Moscow, Russia"",Russia,Married,1,""Bachelor of Arts/Science, Tashkent State University"",TRUE,POINT (37.6174943 55.7504461)";;
"Stefano Pessina,9.7,Italy,drugstores,234,79,""Monte Carlo, Monaco"",Italy,Divorced,2,""Bachelor of Engineering, Politecnico di Milano"",FALSE,POINT (7.426559 43.7402961)";;
"Quek Leng Chan,9.7,Malaysia,""banking, property"",234,79,""Kuala Lumpur, Malaysia"",Malaysia,Married,3,""LLB, Middle Temple"",FALSE,POINT (101.6942371 3.1516964)";;
"Israel Englander,9.6,United States,hedge funds,241,72,""New York, New York"",United States,Married,3,""Bachelor of Arts/Science, New York University"",TRUE,POINT (-74.00601519999999 40.7127281)";;
"Charles Ergen,9.6,United States,satellite TV,241,68,""Denver, Colorado"",United States,Married,5,""Bachelor of Arts/Science, University of Tennessee Knoxville";" Master of Business Administration, Wake Forest University School of Business"",TRUE,POINT (-104.9848623 39.7392364)";
"Jim Pattison,9.6,Canada,diversified,241,92,""Vancouver, Canada"",Canada,Married,3,,TRUE,POINT (-123.1139529 49.2608724)";;
"Yao Liangsong,9.6,China,furniture,241,56,""Guangzhou, China"",China,,,,TRUE,POINT (113.2592945 23.1301964)";;
"David Geffen,9.5,United States,""movies, record labels"",245,78,""Beverly Hills, California"",United States,Single,,""Drop Out, The University of Texas at Austin"",TRUE,POINT (-118.3963062 34.0696501)";;
"Yeung Kin-man,9.5,Hong Kong,electronics,245,57,""Hong Kong, Hong Kong"",Hong Kong,Married,,,TRUE,POINT (114.1628131 22.2793278)";;
"Ding Shizhong & family,9.4,China,sports apparel,247,50,""Quanzhou, China"",China,Married,2,""EMBA, Xiamen University"",TRUE,POINT (118.6723605 24.8755492)";;
"Harold Hamm & family,9.4,United States,oil & gas,247,75,""Oklahoma City, Oklahoma"",United States,Divorced,5,""Diploma, High School"",TRUE,POINT (-97.5170536 35.4729886)";;
"Jim Kennedy,9.4,United States,""media, automotive"",247,73,""Atlanta, Georgia"",United States,Married,3,""Bachelor of Arts/Science, University of Denver"",FALSE,POINT (-84.39026440000001 33.7489924)";;
"Blair Parry-Okeden,9.4,United States,""media, automotive"",247,70,""New South Wales, Australia"",United States,Divorced,2,""Diploma, High School";" Bachelor of Arts/Science, University of Denver"",FALSE,POINT (149.1364342 -35.3137517)";
"Ding Shijia,9.3,China,sports apparel,251,57,""Quanzhou, China"",China,Married,,,TRUE,POINT (118.6723605 24.8755492)";;
"Kim Beom-su,9.3,South Korea,online services,251,55,""Seoul, South Korea"",South Korea,Married,2,""Bachelor of Science in Engineering, Seoul National University";" Master of Science, Seoul National University"",TRUE,POINT (126.9782914 37.5666791)";
"Ian & Richard Livingstone,9.3,United Kingdom,real estate,251,,""London, United Kingdom"",United Kingdom,,,,TRUE,POINT (-0.1276474 51.5073219)";;
"Sun Hongbin,9.3,United States,real estate,251,58,""Tianjin, China"",United States,,,""Master, Tsinghua University"",TRUE,POINT (117.1951073 39.0856735)";;
"Alberto Bailleres Gonzalez & family,9.2,Mexico,mining,255,89,""Mexico City, Mexico"",Mexico,Married,4,,FALSE,POINT (-99.1331785 19.4326296)";;
"Lam Wai-ying,9.1,Hong Kong,smartphone screens,256,,""Hong Kong, Hong Kong"",Hong Kong,Married,,,TRUE,POINT (114.1628131 22.2793278)";;
"Massimiliana Landini Aleotti & family,9.1,Italy,pharmaceutical,256,78,""Fiesole (FI), Italy"",Italy,Widowed,2,,FALSE,POINT (11.2930735 43.8066689)";;
"Lu Xiangyang,9.1,China,""automobiles, batteries"",256,58,""Guangzhou, China"",China,Married,,,TRUE,POINT (113.2592945 23.1301964)";;
"Wolfgang Marguerre & family,9.1,Germany,pharmaceutical,256,79,""Heidelberg, Germany"",Germany,Married,3,,TRUE,POINT (8.694724000000001 49.4093582)";;
"David Sun,9.1,United States,computer hardware,256,69,""Irvine, California"",United States,Married,2,""Bachelor of Engineering, Tatung University"",TRUE,POINT (-117.8259819 33.6856969)";;
"John Tu,9.1,United States,computer hardware,256,79,""Rolling Hills, California"",United States,Married,2,""Bachelor of Arts/Science, Technische Universität Darmstadt"",TRUE,POINT (-118.3496623 33.7668041)";;
Guillaume Pousaz,9,Switzerland,fintech,262,39,,Switzerland,Married,3,,TRUE,POINT (8.2319736 46.7985624);;
"Viktor Vekselberg,9,Russia,""metals, energy"",262,64,""Moscow, Russia"",Russia,Married,2,""Bachelor of Arts/Science, Moscow State University of Railway Engineering"",TRUE,POINT (37.6174943 55.7504461)";;
"Jerry Jones,8.9,United States,Dallas Cowboys,264,78,""Dallas, Texas"",United States,Married,3,""Bachelor of Arts/Science, University of Arkansas";" Master of Arts, University of Arkansas"",TRUE,POINT (-96.7968559 32.7762719)";
"Michael Otto,8.9,Germany,""retail, real estate"",264,78,""Hamburg, Germany"",Germany,Married,2,""Doctorate, University of Hamburg";" Doctorate, University of Munich"",FALSE,POINT (10.000654 53.550341)";
"Steven Rales,8.9,United States,manufacturing,264,70,""Santa Barbara, California"",United States,Married,3,""Law Degree, American University";" Bachelor of Arts/Science, DePauw University"",TRUE,POINT (-119.7026673 34.4221319)";
"Sarath Ratanavadi,8.9,Thailand,energy,264,55,""Bangkok, Thailand"",Thailand,Married,,""Bachelor of Science in Engineering, Chulalongkorn University";" Master of Science in Engineering, University of Southern California"",TRUE,POINT (100.4930399 13.7544238)";
"Tse Ping,8.9,China,pharmaceutical,264,69,""Hong Kong, Hong Kong"",China,Married,,,TRUE,POINT (114.1628131 22.2793278)";;
"Chan Tan Ching-fen,8.8,Hong Kong,real estate,269,,""Hong Kong, Hong Kong"",Hong Kong,Widowed,2,,FALSE,POINT (114.1628131 22.2793278)";;
"David Cheriton,8.8,Canada,online services,269,70,""Palo Alto, California"",Canada,Divorced,4,""Bachelor of Arts/Science, University of British Columbia"; Doctorate, University of Waterloo;" Master of Science, University of Waterloo"",TRUE,POINT (-122.1598465 37.4443293)"
"Xavier Niel,8.8,France,""internet, telecom"",269,53,""Paris, France"",France,Single,3,,TRUE,POINT (2.3514616 48.8566969)";;
"August von Finck,8.8,Germany,investments,269,91,""Thurgau, Switzerland"",Germany,Married,4,,FALSE,POINT (9.142876899999999 47.5859649)";;
"Zong Qinghou,8.8,China,beverages,269,75,""Hangzhou, China"",China,Married,1,,TRUE,POINT (120.2052342 30.2489634)";;
"Benu Gopal Bangur,8.7,India,cement,274,89,""Kolkata, India"",India,Widowed,2,""Bachelor of Arts/Science, Calcutta University"",FALSE,POINT (88.36388150000001 22.5726723)";;
"Sam Bankman-Fried,8.7,United States,cryptocurrency,274,29,""Hong Kong, Hong Kong"",United States,,,""Bachelor of Arts/Science, Massachusetts Institute of Technology"",,POINT (114.1628131 22.2793278)";;
"Cheng Xue,8.7,China,soy sauce,274,51,""Foshan, China"",China,,,,TRUE,POINT (113.1146335 23.0247687)";;
"Graeme Hart,8.7,New Zealand,investments,274,65,""Auckland, New Zealand"",New Zealand,Married,2,,TRUE,POINT (174.7631803 -36.852095)";;
"Kjeld Kirk Kristiansen,8.7,Denmark,toys,274,73,""Billund, Denmark"",Denmark,Married,3,""Bachelor of Arts/Science, Aarhus Business School";" Master of Business Administration, International Institute for Management and Development"",FALSE,POINT (9.1159357 55.7309428)";
"Sofie Kirk Kristiansen,8.7,Denmark,toys,274,45,""Billund, Denmark"",Denmark,,,,FALSE,POINT (9.1159357 55.7309428)";;
"Thomas Kirk Kristiansen,8.7,Denmark,toys,274,42,""Billund, Denmark"",Denmark,,,,FALSE,POINT (9.1159357 55.7309428)";;
"Lin Bin,8.7,United States,smartphones,274,53,""Shenzhen, China"",United States,,,""Master, Drexel University"",TRUE,POINT (114.0543297 22.555454)";;
"Liu Jincheng & family,8.7,China,lithium batteries,274,56,""Huizhou, China"",China,Married,,""Doctorate, South China University of Technology"; Bachelor of Arts/Science, University of Electronic Science and Technology of China;" Master of Science, Wuhan University"",TRUE,POINT (114.4107202 23.1146515)"
"Shigenobu Nagamori,8.7,Japan,motors,274,76,""Kyoto, Japan"",Japan,Married,2,,TRUE,POINT (135.7556075 35.021041)";;
"Carlos Alberto Sicupira & family,8.7,Brazil,beer,274,73,""St. Gallen, Switzerland"",Brazil,Married,3,""Bachelor of Arts/Science, Universidade Federal do Rio de Janeiro"",TRUE,POINT (9.376587799999999 47.4250593)";;
"Agnete Kirk Thinggaard,8.7,Denmark,toys,274,37,""Billund, Denmark"",Denmark,,,,FALSE,POINT (9.1159357 55.7309428)";;
"Anthony von Mandl,8.7,Canada,alcoholic beverages,274,,""Vancouver, Canada"",Canada,,,""Bachelor of Arts/Science, University of British Columbia"",TRUE,POINT (-123.1139529 49.2608724)";;
"Xu Shihui,8.7,China,""snacks, beverages"",274,63,""Quanzhou, China"",China,Married,,,TRUE,POINT (118.6723605 24.8755492)";;
"Ernesto Bertarelli,8.6,Switzerland,""biotech, investments"",288,55,""Gstaad, Switzerland"",Switzerland,Married,3,""Bachelor of Arts/Science, Babson College";" Master of Business Administration, Harvard University"",FALSE,POINT (7.2873587 46.4761004)";
"Leon Black,8.6,United States,private equity,288,69,""New York, New York"",United States,Married,4,""Bachelor of Arts/Science, Dartmouth College";" Master of Business Administration, Harvard University"",TRUE,POINT (-74.00601519999999 40.7127281)";
"Azim Premji,8.6,India,software services,288,75,""Bangalore, India"",India,Married,2,""Bachelor of Arts/Science, Stanford University"",FALSE,POINT (77.59129969999999 12.9791198)";;
"Andrei Skoch & family,8.6,Russia,steel,288,55,""Moscow, Russia"",Russia,Single,10,State Central Institute of Physical Culture,TRUE,POINT (37.6174943 55.7504461)";;
"George Soros,8.6,United States,hedge funds,288,90,""Katonah, New York"",United States,Married,5,""Bachelor of Arts/Science, London School of Economics"",TRUE,POINT (-73.6853852 41.25877)";;
"Zheng Shuliang & family,8.6,China,aluminum products,288,75,""Binzhou, China"",China,Widowed,3,,FALSE,POINT (117.9647262 37.3821206)";;
"Marc Benioff,8.4,United States,business software,294,56,""San Francisco, California"",United States,Married,2,""Bachelor of Arts/Science, University of Southern California"",TRUE,POINT (-122.419906 37.7790262)";;
"Kuldip Singh & Gurbachan Singh Dhingra,8.4,India,paints,294,,""Delhi, India"",India,Married,,""Bachelor of Arts/Science, Delhi University"",TRUE,POINT (77.2219388 28.6517178)";;
"Ann Walton Kroenke,8.4,United States,retail store,294,72,""Electra, Texas"",United States,Married,2,""Registered Nurse, Lincoln University"",FALSE,POINT (-98.9163686 34.0320855)";;
"Bubba Cathy,8.3,United States,fast food,297,67,""Atlanta, Georgia"",United States,Married,6,""Bachelor of Arts/Science, Samford University"",FALSE,POINT (-84.39026440000001 33.7489924)";;
"Dan Cathy,8.3,United States,fast food,297,68,""Atlanta, Georgia"",United States,Married,2,""Bachelor of Arts/Science, Georgia Southern University"",FALSE,POINT (-84.39026440000001 33.7489924)";;
"Jay Y. Lee,8.3,South Korea,consumer goods,297,52,""Seoul, South Korea"",South Korea,Divorced,2,""Master of Business Administration, Keio University";" Bachelor of Arts/Science, Seoul National University"",FALSE,POINT (126.9782914 37.5666791)";
"Pan Dong,8.3,Canada,consumer goods,297,56,""Hong Kong, Hong Kong"",Canada,Married,,""Master of Business Administration, Lawrence Technological University"; Bachelor of Science, Wuhan University;" Master, Wuhan University"",TRUE,POINT (114.1628131 22.2793278)"
"Hasso Plattner & family,8.3,Germany,software,297,77,""Heidelberg, Germany"",Germany,Married,2,""Master of Science, University of Karlsruhe"",TRUE,POINT (8.694724000000001 49.4093582)";;
"Nassef Sawiris,8.3,Egypt,""construction, investments"",297,60,""Cairo, Egypt"",Egypt,Married,4,""Bachelor of Arts/Science, University of Chicago"",FALSE,POINT (31.2357257 30.0443879)";;
"Kushal Pal Singh,8.3,India,real estate,297,89,""Delhi, India"",India,Widowed,3,""Bachelor of Arts/Science, Delhi University"",FALSE,POINT (77.2219388 28.6517178)";;
"Stanley Kroenke,8.2,United States,""sports, real estate"",304,73,""Electra, Texas"",United States,Married,2,""Master of Business Administration, Robert J. Trulaske, Sr. College of Business";" Bachelor of Arts/Science, University of Missouri"",TRUE,POINT (-98.9163686 34.0320855)";
"Niels Peter Louis-Hansen,8.2,Denmark,medical devices,304,73,""Humlebaek, Denmark"",Denmark,Married,1,,FALSE,POINT (12.5305462 55.9618789)";;
"Alain Merieux & family,8.2,France,pharmaceutical,304,83,""Lyon, France"",France,Married,3,,FALSE,POINT (4.8320114 45.7578137)";;
"Andreas von Bechtolsheim & family,8.2,Germany,online services,304,65,""Palo Alto, California"",Germany,Single,,""Master of Science, Carnegie Mellon University"",TRUE,POINT (-122.1598465 37.4443293)";;
"Diane Hendricks,8,United States,roofing,308,74,""Afton, Wisconsin"",United States,Widowed,7,""Diploma, High School"",TRUE,POINT (-89.0712225 42.6039009)";;
"Shahid Khan,8,United States,auto parts,308,70,""Naples, Florida"",United States,Married,2,""Bachelor of Arts/Science, University of Illinois, Urbana-Champaign"",TRUE,POINT (-81.7954666 26.1452817)";;
"Nicky Oppenheimer & family,8,South Africa,diamonds,308,75,""Johannesburg, South Africa"",South Africa,Married,1,""Bachelor of Arts/Science, Oxford U Christ Church";" Master of Arts, Oxford U Christ Church"",FALSE,POINT (28.049722 -26.205)";
"Anthony Bamford & family,7.9,United Kingdom,construction equipment,311,75,""Gloucestershire, United Kingdom"",United Kingdom,Married,3,""Bachelor of Arts/Science, Grenoble University"",FALSE,POINT (-2.1666674 51.8333313)";;
"Andrew Beal,7.9,United States,""banks, real estate"",311,68,""Dallas, Texas"",United States,Divorced,6,""Drop Out, Baylor University"",TRUE,POINT (-96.7968559 32.7762719)";;
"Dmitry Bukhman,7.9,Russia,online games,311,35,""London, United Kingdom"",Russia,Married,3,""Master of Science, Vologda State Pedagogical University"",TRUE,POINT (-0.1276474 51.5073219)";;
"Igor Bukhman,7.9,Russia,online games,311,39,""London, United Kingdom"",Russia,Married,3,""Master of Science, Vologda State Pedagogical University"",TRUE,POINT (-0.1276474 51.5073219)";;
"Takahisa Takahara,7.9,Japan,personal care goods,311,59,""Tokyo, Japan"",Japan,,,,FALSE,POINT (139.7594549 35.6828387)";;
"Kei Hoi Pang,7.8,China,real estate,316,55,""Hong Kong, Hong Kong"",China,,,,TRUE,POINT (114.1628131 22.2793278)";;
"Alexei Kuzmichev,7.8,Russia,""oil, banking, telecom"",316,58,""London, United Kingdom"",Russia,Married,3,""Bachelor of Arts/Science, Moscow Institute of Steel and Alloys"",TRUE,POINT (-0.1276474 51.5073219)";;
"John Malone,7.8,United States,cable television,316,80,""Elizabeth, Colorado"",United States,Married,2,""Doctorate, Johns Hopkins University"; Master of Science, Johns Hopkins University;" Bachelor of Arts/Science, Yale University"",TRUE,POINT (-104.59687 39.3602863)"
"Marijke Mars,7.8,United States,""candy, pet food"",316,56,""Los Angeles, California"",United States,Divorced,,""Bachelor of Arts/Science, Duke University"",FALSE,POINT (-118.242766 34.0536909)";;
"Pamela Mars,7.8,United States,""candy, pet food"",316,60,""Alexandria, Virginia"",United States,Married,3,""Bachelor of Arts/Science, Vassar College"",FALSE,POINT (-77.0470229 38.8051095)";;
"Valerie Mars,7.8,United States,""candy, pet food"",316,62,""New York, New York"",United States,Married,2,""Master of Business Administration, Columbia University";" Bachelor of Arts/Science, Yale University"",FALSE,POINT (-74.00601519999999 40.7127281)";
"Victoria Mars,7.8,United States,""candy, pet food"",316,64,""Philadelphia, Pennsylvania"",United States,Married,4,""Master of Business Administration, University of Pennsylvania, The Wharton School";" Bachelor of Arts/Science, Yale University"",FALSE,POINT (-75.16352620000001 39.9527237)";
"Giorgio Armani,7.7,Italy,luxury goods,323,86,""Milan, Italy"",Italy,Single,,""Drop Out, University of Piacenza"",TRUE,POINT (9.1905 45.4668)";;
"Frederik Paulsen,7.7,Sweden,health care,323,70,""Lausanne, Switzerland"",Sweden,Divorced,3,,FALSE,POINT (6.6327025 46.5218269)";;
"David Reuben,7.7,United Kingdom,""investments, real estate"",323,82,""London, United Kingdom"",United Kingdom,Married,1,,TRUE,POINT (-0.1276474 51.5073219)";;
"Simon Reuben,7.7,United Kingdom,""real estate, investments"",323,80,""Monaco, Monaco"",United Kingdom,Married,1,""Drop Out, Sir John Cass College, London"",TRUE,POINT (7.4276832 43.7323492)";;
"Alexander Abramov,7.6,Russia,""steel, mining"",327,62,""Moscow, Russia"",Russia,Married,3,""Bachelor of Arts/Science, Moscow Institute of Physics and Technology"",TRUE,POINT (37.6174943 55.7504461)";;
"Rinat Akhmetov,7.6,Ukraine,""steel, coal"",327,54,""Donetsk, Ukraine"",Ukraine,Married,2,""Bachelor of Arts/Science, Donetsk National University"",TRUE,POINT (37.8013407 48.0158753)";;
"Silvio Berlusconi & family,7.6,Italy,media,327,84,""Milan, Italy"",Italy,Divorced,5,""Doctor of Jurisprudence, University of Milan"",TRUE,POINT (9.1905 45.4668)";;
"John Grayken,7.6,Ireland,private equity,327,64,""London, United Kingdom"",Ireland,Married,4,""Master of Business Administration, Harvard Business School";" Bachelor of Arts/Science, University of Pennsylvania"",TRUE,POINT (-0.1276474 51.5073219)";
"David Green & family,7.6,United States,retail,327,79,""Oklahoma City, Oklahoma"",United States,Married,3,""Diploma, High School"",TRUE,POINT (-97.5170536 35.4729886)";;
"George Roberts,7.6,United States,private equity,327,77,""Atherton, California"",United States,""Widowed, Remarried"",3,""Bachelor of Arts/Science, Claremont McKenna College";" Doctor of Jurisprudence, UC Hastings"",TRUE,POINT (-122.2058272 37.453773)";
"Zhao Yan,7.6,China,biotech,327,54,""Beijing, China"",China,,,""Master of Business Administration, Fordham University"",TRUE,POINT (116.3912757 39.906217)";;
"Nancy Walton Laurie,7.5,United States,retail store,334,69,""Henderson, Nevada"",United States,Married,1,""Bachelor of Arts/Science, University of Memphis"",FALSE,POINT (-114.9826194 36.0301134)";;
"Pei Zhenhua,7.5,China,batteries,334,62,""Ningde, China"",China,,,,TRUE,POINT (119.5432715 26.6695006)";;
"Ruan Liping,7.5,Hong Kong,power strips,334,57,""Ningbo, China"",Hong Kong,,,,TRUE,POINT (121.6203873 29.8622194)";;
"Ruan Xueping,7.5,Hong Kong,power strip,334,49,""Ningbo, China"",Hong Kong,,,,TRUE,POINT (121.6203873 29.8622194)";;
"Patrick Soon-Shiong,7.5,United States,pharmaceutical,334,68,""Los Angeles, California"",United States,Married,2,""Master of Science, University of British Columbia"; Bachelor of Arts/Science, University of Witwatersrand;" Medical Doctor, University of Witwatersrand"",TRUE,POINT (-118.242766 34.0536909)"
"Antonia Ax:son Johnson & family,7.4,Sweden,diversified,339,77,""Stockholm, Sweden"",Sweden,Married,4,""Master of Arts, University of Stockholm"",FALSE,POINT (18.0710935 59.3251172)";;
"Ernest Garcia, III.,7.4,United States,used cars,339,39,""Phoenix, Arizona"",United States,,,""Bachelor of Science, Stanford University"",FALSE,POINT (-112.0741417 33.4484367)";;
"George Lucas,7.4,United States,Star Wars,339,76,""San Anselmo, California"",United States,Married,4,""Bachelor of Arts/Science, University of Southern California"",TRUE,POINT (-122.5615032 37.9744323)";;
"Vicky Safra,7.4,Greece,banking,339,68,""Crans-Montana, Switzerland"",Greece,Widowed,4,,FALSE,POINT (7.5264358 46.3304899)";;
"Zhang Jindong,7.4,China,appliance retailer,339,58,""Nanjing, China"",China,Married,2,""Bachelor of Arts/Science, Nanjing Normal University"",TRUE,POINT (118.7916458 32.0609736)";;
"Laurent Dassault,7.3,France,diversified,344,67,""Paris, France"",France,Married,2,""Associate in Arts/Science, Ecole Superieure Libre Des Sciences Commerciales Appliquees"",FALSE,POINT (2.3514616 48.8566969)";;
"Thierry Dassault,7.3,France,diversified,344,64,""Paris, France"",France,,,,FALSE,POINT (2.3514616 48.8566969)";;
"Marie-Hélène Habert,7.3,France,diversified,344,56,""Paris, France"",France,Married,,""Master, Sciences Po"",FALSE,POINT (2.3514616 48.8566969)";;
"Henry Kravis,7.3,United States,private equity,344,77,""New York, New York"",United States,Married,2,""Bachelor of Arts/Science, Claremont McKenna College";" Master of Business Administration, Columbia Business School"",TRUE,POINT (-74.00601519999999 40.7127281)";
"Lai Meisong,7.3,China,package delivery,344,50,""Shanghai, China"",China,,,,TRUE,POINT (121.4692071 31.2322758)";;
"Sandra Ortega Mera,7.3,Spain,fashion retail,344,52,""La Coruna, Spain"",Spain,Married,3,,FALSE,POINT (-8.3958768 43.3712091)";;
"Pham Nhat Vuong,7.3,Vietnam,diversified,344,52,""Hanoi, Vietnam"",Vietnam,Married,3,,TRUE,POINT (105.8544441 21.0294498)";;
"David Shaw,7.3,United States,hedge funds,344,70,""New York, New York"",United States,Married,3,""Doctorate, Stanford University";" Bachelor of Arts/Science, University of California, San Diego"",TRUE,POINT (-74.00601519999999 40.7127281)";
"Rocco Commisso,7.2,United States,telecom,352,71,""Saddle River, New Jersey"",United States,Married,2,""Bachelor of Arts/Science, Columbia University";" Master of Business Administration, Columbia University"",TRUE,POINT (-74.10208660000001 41.0317637)";
"Michael Kadoorie,7.2,Hong Kong,""hotels, energy"",352,79,""Hong Kong, Hong Kong"",Hong Kong,Married,3,,FALSE,POINT (114.1628131 22.2793278)";;
"Bernard Marcus,7.2,United States,retail store,352,91,""Atlanta, Georgia"",United States,Married,3,""Bachelor of Arts/Science, Rutgers University"",TRUE,POINT (-84.39026440000001 33.7489924)";;
"Manuel Villar,7.2,Philippines,real estate,352,71,""Manila, Philippines"",Philippines,Married,3,,TRUE,POINT (120.9809674 14.5907332)";;
"Christy Walton,7.2,United States,retail store,352,72,""Jackson, Wyoming"",United States,Widowed,1,,FALSE,POINT (-110.761815 43.479965)";;
"Wang Zhenhua,7.2,China,real estate,352,59,""Shanghai, China"",China,,,""Master of Business Administration, Macau University"",TRUE,POINT (121.4692071 31.2322758)";;
"Carl Bennet,7.1,Sweden,investments,358,69,""Gothenberg, Sweden"",Sweden,Married,1,""Master of Business Administration, University of Gothenburg"",TRUE,POINT (11.9670171 57.7072326)";;
"Rahel Blocher,7.1,Switzerland,chemicals,358,45,""Wilen bei Wollerau, Switzerland"",Switzerland,,,,FALSE,POINT (8.734379499999999 47.1976363)";;
"Johann Graf,7.1,Austria,gambling,358,74,""Vienna, Austria"",Austria,Divorced,3,,TRUE,POINT (16.3725042 48.2083537)";;
"Ralph Lauren,7.1,United States,apparel,358,81,""New York, New York"",United States,Married,3,""Drop Out, City University of New York City College";" Diploma, High School"",TRUE,POINT (-74.00601519999999 40.7127281)";
"Li Hua,7.1,China,financial services,358,43,""Shenzhen, China"",China,,,,TRUE,POINT (114.0543297 22.555454)";;
"Magdalena Martullo-Blocher,7.1,Switzerland,chemicals,358,52,""Feldmeilen, Switzerland"",Switzerland,Married,3,,FALSE,POINT (8.6207481 47.2791676)";;
"Stewart and Lynda Resnick,7.1,United States,""agriculture, water"",358,,""Beverly Hills, California"",United States,Married,5,,TRUE,POINT (-118.3963062 34.0696501)";;
"Johann Rupert & family,7.1,South Africa,luxury goods,358,70,""Cape Town, South Africa"",South Africa,Married,3,,FALSE,POINT (18.417396 -33.928992)";;
"Safra siblings,7.1,Brazil,banking,358,,""Sao Paulo, Brazil"",Brazil,,,,FALSE,POINT (-46.6333824 -23.5506507)";;
"Anthony Wood,7.1,United States,Roku,358,55,""Palo Alto, California"",United States,Married,3,""Bachelor of Science in Engineering, Texas A&M University"",TRUE,POINT (-122.1598465 37.4443293)";;
"Gang Ye,7.1,Singapore,gaming,358,40,""Singapore, Singapore"",Singapore,Married,2,""Bachelor of Science, Cornell University"",TRUE,POINT (103.8194992 1.357107)";;
"Igor Altushkin,7,Russia,metals,369,50,""Yekaterinburg, Russia"",Russia,Married,6,""Bachelor of Arts/Science, Ekaterinburg Institute of Economics"",TRUE,POINT (60.60825 56.839104)";;
"Bajaj brothers,7,India,diversified,369,,""Mumbai, India"",India,,,,FALSE,POINT (72.8773928 19.0759899)";;
"Juan Francisco Beckmann Vidal & family,7,Mexico,tequila,369,81,""Mexico City, Mexico"",Mexico,Married,,,FALSE,POINT (-99.1331785 19.4326296)";;
"Alexandre Behring,7,Brazil,investments,369,54,""Greenwich, Connecticut"",Brazil,Married,,""EMBA, Harvard University"",TRUE,POINT (-73.6284598 41.0264862)";;
"Vincent Bolloré & family,7,France,investments,369,69,""Paris, France"",France,Married,4,""LLB, Universite Paris X Nanterre"",FALSE,POINT (2.3514616 48.8566969)";;
"Gustaf Douglas,7,Sweden,investments,369,83,""Stockholm, Sweden"",Sweden,Married,2,""Master of Business Administration, Harvard University"",TRUE,POINT (18.0710935 59.3251172)";;
"Terry Gou,7,Taiwan,electronics,369,70,""Taipei, Taiwan"",Taiwan,Divorced,5,Taipei University of Marine Technology,TRUE,POINT (121.5636796 25.0375198)";;
"Paul Tudor Jones, II.,7,United States,hedge funds,369,66,""Palm Beach, Florida"",United States,Married,4,""Bachelor of Arts/Science, University of Virginia"",TRUE,POINT (-80.4494174 26.6279798)";;
"Richard Kinder,7,United States,pipelines,369,76,""Houston, Texas"",United States,Married,1,""Bachelor of Arts/Science, University of Missouri";" Doctor of Jurisprudence, University of Missouri"",TRUE,POINT (-95.3676974 29.7589382)";
"Ludwig Merckle,7,Germany,pharmaceutical,369,56,""Ulm, Germany"",Germany,Married,2,,FALSE,POINT (9.993433599999999 48.3974003)";;
"Stephen Ross,7,United States,real estate,369,80,""New York, New York"",United States,Married,4,""Master of Laws, New York University"; Bachelor of Arts/Science, University of Michigan;" Doctor of Jurisprudence, Wayne State University"",TRUE,POINT (-74.00601519999999 40.7127281)"
"Eli Broad,6.9,United States,investments,380,,,United States,,2,""Broad College of Business";" Bachelor of Arts/Science, Michigan State University"",TRUE,POINT (-100.4458825 39.7837304)";
"Jim Davis & family,6.9,United States,sports,380,77,""Newton, Massachusetts"",United States,Married,2,""Bachelor of Arts/Science, Middlebury College"",TRUE,POINT (-71.2092214 42.3370414)";;
"Guo Guangchang,6.9,China,conglomerate,380,54,""Shanghai, China"",China,Married,3,""Bachelor of Arts/Science, Fudan University";" Master of Business Administration, Fudan University"",TRUE,POINT (121.4692071 31.2322758)";
"Robert Kraft,6.9,United States,sports,380,79,""Brookline, Massachusetts"",United States,Widowed,4,""Bachelor of Arts/Science, Columbia University";" Master of Business Administration, Harvard Business School"",TRUE,POINT (-71.12116349999999 42.3317642)";
"Murali Divi & family,6.8,India,pharmaceutical,384,70,""Hyderabad, India"",India,Married,2,,TRUE,POINT (78.4740613 17.360589)";;
"Huang Chulong,6.8,Canada,real estate,384,62,""Shenzhen, China"",Canada,,,,TRUE,POINT (114.0543297 22.555454)";;
"Li Jianquan & family,6.8,Hong Kong,consumer products,384,64,""Shenzhen, China"",Hong Kong,Married,,,TRUE,POINT (114.0543297 22.555454)";;
"Shi Yonghong & family,6.8,China,restaurants,384,52,""Chengdu, China"",China,Married,,,TRUE,POINT (104.0633717 30.6598628)";;
"Wee Cho Yaw,6.8,Singapore,banking,384,92,""Singapore, Singapore"",Singapore,Married,5,,FALSE,POINT (103.8194992 1.357107)";;
"Erich Wesjohann & family,6.8,Germany,poultry genetics,384,75,""Visbek, Germany"",Germany,Married,3,,TRUE,POINT (8.314849600000001 52.8337724)";;
"Aloys Wobben,6.8,Germany,wind turbines,384,69,""Aurich, Germany"",Germany,Married,1,""Bachelor of Arts/Science, U of Oldenburg"",TRUE,POINT (7.4823808 53.4695604)";;
"Micky Arison,6.7,United States,cruise,391,71,""Bal Harbour, Florida"",United States,Married,2,""Drop Out, University of Miami"",FALSE,POINT (153.4228711 -28.0259028)";;
"Jean-Michel Besnier,6.7,France,cheese,391,53,""Laval, France"",France,,,,FALSE,POINT (-0.7723499 48.0710377)";;
"Marie Besnier Beauvalot,6.7,France,cheese,391,40,""Laval, France"",France,Married,,,FALSE,POINT (-0.7723499 48.0710377)";;
"Kwon Hyuk-bin,6.7,South Korea,online games,391,47,""Seoul, South Korea"",South Korea,Married,2,""Bachelor of Arts/Science, Sogang University"",TRUE,POINT (126.9782914 37.5666791)";;
"Li Haiyan,6.7,China,restaurants,391,,""Chengdu, China"",China,Married,,,TRUE,POINT (104.0633717 30.6598628)";;
"Fredrik Lundberg,6.7,Sweden,""real estate, investments"",391,69,""Stockholm, Sweden"",Sweden,Married,2,""Bachelor of Arts/Science, Stockholm School of Economics"",FALSE,POINT (18.0710935 59.3251172)";;
"Hiroshi Mikitani,6.7,Japan,online retail,391,56,""Tokyo, Japan"",Japan,Married,2,""Master of Business Administration, Harvard University"",TRUE,POINT (139.7594549 35.6828387)";;
"Dmitry Rybolovlev,6.7,Russia,fertilizer,391,54,""Monaco, Monaco"",Russia,Divorced,2,""Medical Doctor, Perm Medical Institute"",TRUE,POINT (7.4276832 43.7323492)";;
"Reinhold Schmieding,6.7,United States,medical devices,391,66,""Naples, Florida"",United States,Married,2,""Bachelor of Arts/Science, Michigan State University"",TRUE,POINT (-81.7954666 26.1452817)";;
"Francis Choi,6.6,Hong Kong,real estate,400,73,""Hong Kong, Hong Kong"",Hong Kong,Married,3,,TRUE,POINT (114.1628131 22.2793278)";;
"Bruce Kovner,6.6,United States,hedge funds,400,76,""New York, New York"",United States,Married,3,""Bachelor of Arts/Science, Harvard University"",TRUE,POINT (-74.00601519999999 40.7127281)";;
"Wang Wenjing,6.6,China,business software,400,56,""Beijing, China"",China,Married,1,""Bachelor of Arts/Science, Jiangxi University of Finance & Economics"",TRUE,POINT (116.3912757 39.906217)";;
"Zeng Fangqin,6.6,China,smartphone components,400,55,""Shenzhen, China"",China,,,,TRUE,POINT (114.0543297 22.555454)";;
"Brian Armstrong,6.5,United States,cryptocurrency,404,38,""San Francisco, California"",United States,,,""Bachelor of Arts/Economics, Rice University";" Master of Arts/Science, Rice University"",TRUE,POINT (-122.419906 37.7790262)";
"Chu Mang Yee & family,6.5,China,real estate,404,61,""Guangzhou, China"",China,Married,1,,TRUE,POINT (113.2592945 23.1301964)";;
"Denise Coates,6.5,United Kingdom,online gambling,404,53,""Stoke-on-Trent, United Kingdom"",United Kingdom,Married,5,,TRUE,POINT (-2.1812607 53.0162014)";;
"Gopikishan Damani,6.5,India,""retail, investments"",404,63,""Mumbai, India"",India,Married,2,,TRUE,POINT (72.8773928 19.0759899)";;
"James Goodnight,6.5,United States,software,404,78,""Cary, North Carolina"",United States,Married,3,""Bachelor of Arts/Science, North Carolina State University"; Doctorate, North Carolina State University;" Master of Science, North Carolina State University"",TRUE,POINT (-78.7812081 35.7882893)"
"Antti Herlin,6.5,Finland,""elevators, escalators"",404,64,""Kirkkonummi, Finland"",Finland,Married,4,,FALSE,POINT (24.4406694 60.1227857)";;
"Liu Yongxing,6.5,China,diversified,404,72,""Shanghai, China"",China,Married,1,,TRUE,POINT (121.4692071 31.2322758)";;
"Sri Prakash Lohia,6.5,Indonesia,petrochemicals,404,68,""London, United Kingdom"",Indonesia,Married,2,""Bachelor of Arts/Science, Delhi University"",FALSE,POINT (-0.1276474 51.5073219)";;
"John Overdeck,6.5,United States,hedge funds,404,51,""Millburn, New Jersey"",United States,Married,3,""Bachelor of Arts/Science, Stanford University";" Master of Science, Stanford University"",TRUE,POINT (-74.3069069 40.7244443)";
"Prajogo Pangestu,6.5,Indonesia,petrochemicals,404,76,""Jakarta, Indonesia"",Indonesia,Married,3,,FALSE,POINT (106.827183 -6.1753942)";;
"Horst Julius Pudwill,6.5,Germany,manufacturing,404,76,""Hong Kong, Hong Kong"",Germany,Married,1,""Master of Science in Engineering, Technical College in Flensburg"",TRUE,POINT (114.1628131 22.2793278)";;
"David Siegel,6.5,United States,hedge funds,404,86,""Windermere, Florida"",United States,Married,13,""Drop Out, University of Miami"",TRUE,POINT (-81.5345547 28.4944695)";;
"Ronda Stryker,6.5,United States,medical equipment,404,67,""Portage, Michigan"",United States,Married,3,""Bachelor of Arts/Science, University of Northern Colorado";" Master of Arts, Western Michigan University"",FALSE,POINT (-85.5800022 42.2011538)";
"Georg Stumpf,6.5,Austria,""real estate, construction"",404,48,""Vienna, Austria"",Austria,In Relationship,,,TRUE,POINT (16.3725042 48.2083537)";;
"Pauline MacMillan Keinath,6.4,United States,food,418,87,""St. Louis, Missouri"",United States,Married,4,,FALSE,POINT (-90.1998378 38.6264178)";;
"Wang Yusuo & family,6.4,China,natural gas distribution,418,57,""Langfang, China"",China,Married,,""Bachelor of Arts/Science, People's University of China";" Doctorate, Tianjin University"",TRUE,POINT (116.6997446 39.5128345)";
"Dennis Washington,6.4,United States,""construction, mining"",418,86,""Missoula, Montana"",United States,Married,2,""Diploma, High School"",TRUE,POINT (-113.995267 46.8701049)";;
"Rahul Bajaj,6.3,India,diversified,421,82,""Pune, India"",India,Widowed,3,""Master of Business Administration, Harvard University"",FALSE,POINT (73.8544541 18.521428)";;
"Ashwin Dani & family,6.3,India,paints,421,78,""Mumbai, India"",India,Married,3,""Bachelor of Arts/Science, Bombay University";" Master of Science, University of Akron"",FALSE,POINT (72.8773928 19.0759899)";
"Andreas Halvorsen,6.3,Norway,hedge funds,421,60,""Darien, Connecticut"",Norway,Married,3,""Master of Business Administration, Stanford Graduate School of Business";" Bachelor of Arts/Science, Williams College"",TRUE,POINT (-73.4692873 41.0787079)";
"Andrei Kozitsyn,6.3,Russia,metals,421,60,""Verkhniaya Pyshma, Russia"",Russia,Married,1,""Bachelor of Science in Engineering, Ural Polytechnic Institute"",TRUE,POINT (60.58219 56.97047)";;
"Axel Oberwelland,6.3,Germany,candy,421,54,""Berlin, Germany"",Germany,Married,,,FALSE,POINT (13.3888599 52.5170365)";;
"Shi Yuzhu,6.3,China,""online games, investments"",421,58,""Shanghai, China"",China,Divorced,1,""Master of Science, Shenzhen University";" Bachelor of Arts/Science, Zhejiang University"",TRUE,POINT (121.4692071 31.2322758)";
"Tsai Eng-meng,6.3,Taiwan,""food, beverages"",421,64,""Shanghai, China"",Taiwan,Married,2,,FALSE,POINT (121.4692071 31.2322758)";;
"Murat Ulker,6.3,Turkey,food,421,62,""Istanbul, Turkey"",Turkey,Married,3,""Bachelor of Arts/Science, Bogazici University"",FALSE,POINT (28.9651646 41.0096334)";;
"Wang Junlin,6.3,China,liquor,421,58,""Chengdu, China"",China,Married,,,TRUE,POINT (104.0633717 30.6598628)";;
"Wang Ning & family,6.3,China,toys,421,34,""Beijing, China"",China,Married,,,TRUE,POINT (116.3912757 39.906217)";;
"You Xiaoping,6.3,China,""chemicals, spandex"",421,63,""Wenzhou, China"",China,Married,2,,TRUE,POINT (120.695345 27.9963899)";;
"Arthur Blank,6.2,United States,home furnishings,432,78,""Atlanta, Georgia"",United States,Divorced,6,""Bachelor of Arts/Science, Babson College"",TRUE,POINT (-84.39026440000001 33.7489924)";;
"James Chambers,6.2,United States,""media, automotive"",432,64,""Palisades, New York"",United States,Married,,""Bachelor of Arts/Science, Bard College"",FALSE,POINT (-73.91116359999999 41.0200545)";;
"Jiang Bin,6.2,China,acoustic components,432,54,""Weifang, China"",China,Married,1,""Bachelor of Arts/Science, Beijing University of Aeronautics and Astronautics";" Master of Business Administration, Tsinghua University"",TRUE,POINT (119.1557441 36.7071591)";
"Jason Jiang,6.2,China,advertising,432,48,""Shanghai, China"",China,Married,,""Bachelor of Arts/Science, Huadong Normal University";" Bachelor of Arts/Science, Huadong Normal University"",TRUE,POINT (121.4692071 31.2322758)";
"Mitchell Rales,6.2,United States,""manufacturing, investments"",432,64,""Potomac, Maryland"",United States,Married,2,""Bachelor of Arts/Science, Miami University of Ohio"",TRUE,POINT (-78.83891 39.5675895)";;
"Katharine Rayner,6.2,United States,""media, automotive"",432,76,""East Hampton, New York"",United States,Widowed,,,FALSE,POINT (-72.1935105 40.9650535)";;
"Margaretta Taylor,6.2,United States,""media, automotive"",432,79,""Southampton, New York"",United States,,,,FALSE,POINT (-72.3895296 40.884267)";;
"Stef Wertheimer & family,6.2,Israel,metalworking tools,432,94,""tel aviv, Israel"",Israel,Married,4,,TRUE,POINT (34.7818064 32.0852997)";;
"Mike Adenuga,6.1,Nigeria,""telecom, oil"",440,68,""Lagos, Nigeria"",Nigeria,Married,7,""Master of Business Administration, Pace University"",TRUE,POINT (3.3941795 6.4550575)";;
"Charles Dolan & family,6.1,United States,cable television,440,94,""Oyster Bay, New York"",United States,Married,6,""Drop Out, John Carroll University"",TRUE,POINT (-73.4934796 40.7501803)";;
"Marcos Galperin,6.1,Argentina,e-commerce,440,,""Buenos Aires, Argentina"",Argentina,,,""Master of Business Administration, Stanford Graduate School of Business";" Bachelor of Arts/Science, University of Pennsylvania, The Wharton School"",TRUE,POINT (-58.4370894 -34.6075682)";
"Huang Li,6.1,China,imaging systems,440,57,""Wuhan, China"",China,Married,,""Master of Science, Huazhong University of Science and Technology"",TRUE,POINT (114.2999353 30.5951051)";;
"Law Kar Po,6.1,Hong Kong,real estate,440,72,""Hong Kong, Hong Kong"",Hong Kong,Married,3,,FALSE,POINT (114.1628131 22.2793278)";;
"Li Wa,6.1,Hong Kong,real estate,440,55,""Shenzhen, China"",Hong Kong,,,""Bachelor of Arts/Science, South China University of Technology"",TRUE,POINT (114.0543297 22.555454)";;
"Idan Ofer,6.1,Israel,""drilling, shipping"",440,65,""London, United Kingdom"",Israel,Married,5,,FALSE,POINT (-0.1276474 51.5073219)";;
"Qian Dongqi & family,6.1,China,household appliances,440,63,""Suzhou, China"",China,Married,,""Master of Philosophy, Nanjing University"",TRUE,POINT (120.5810725 31.3016935)";;
"Odd Reitan & family,6.1,Norway,""retail, real estate"",440,69,""Trondheim, Norway"",Norway,Married,2,,FALSE,POINT (10.3951929 63.4305658)";;
"Henry Samueli,6.1,United States,semiconductors,440,66,""Newport Beach, California"",United States,Married,3,""Bachelor of Arts/Science, University of California, Los Angeles"; Doctorate, University of California, Los Angeles;" Master of Science, University of California, Los Angeles"",TRUE,POINT (-117.9294401 33.6170092)"
"Les Wexner & family,6.1,United States,retail,440,83,""New Albany, Ohio"",United States,Married,4,""Bachelor of Arts/Science, Ohio State University"",TRUE,POINT (-82.8087864 40.0811745)";;
"Dannine Avara,6,United States,pipelines,451,57,""Houston, Texas"",United States,Married,,,FALSE,POINT (-95.3676974 29.7589382)";;
"Juergen Blickle,6,Germany,auto parts,451,74,""Bruchsal, Germany"",Germany,Married,,,FALSE,POINT (8.5980244 49.124118)";;
"Robert Brockman,6,United States,software,451,79,""Houston, Texas"",United States,Married,1,""Bachelor of Business Administration, University of Florida"",TRUE,POINT (-95.3676974 29.7589382)";;
"Mong-Koo Chung,6,South Korea,Hyundai,451,83,""Seoul, South Korea"",South Korea,Married,4,""Bachelor of Arts/Science, Hanyang University"",FALSE,POINT (126.9782914 37.5666791)";;
"Dulce Pugliese de Godoy Bueno,6,Brazil,""hospitals, health care"",451,73,""Sao Paulo, Brazil"",Brazil,Divorced,1,""Doctorate, The University of Texas at Austin";" Medical Doctor, Universidade Federal do Rio de Janeiro"",TRUE,POINT (-46.6333824 -23.5506507)";
"Daniel Dines,6,Romania,software,451,49,""New York, New York"",Romania,Married,1,""Bachelor of Science, University of Bucharest";" Master of Science, University of Bucharest"",TRUE,POINT (-74.00601519999999 40.7127281)";
"Scott Duncan,6,United States,pipelines,451,38,""Houston, Texas"",United States,Single,,Houston Community College,FALSE,POINT (-95.3676974 29.7589382)";;
"Judy Faulkner,6,United States,health IT,451,77,""Madison, Wisconsin"",United States,Married,3,""Bachelor of Arts/Science, Dickinson College";" Master of Science, University of Wisconsin"",TRUE,POINT (-89.3837613 43.074761)";
"Guenther Fielmann & family,6,Germany,optometry,451,81,""Hamburg, Germany"",Germany,In Relationship,2,,TRUE,POINT (10.000654 53.550341)";;
"Milane Frantz,6,United States,pipelines,451,51,""Houston, Texas"",United States,Married,,""Master of Arts, University of Houston"",FALSE,POINT (-95.3676974 29.7589382)";;
"Frits Goldschmeding,6,Netherlands,temp agency,451,87,""Amsterdam, Netherlands"",Netherlands,Married,3,""Doctorate, Free University of Amsterdam"",TRUE,POINT (4.8936041 52.3727598)";;
"Andrei Guriev & family,6,Russia,fertilizers,451,61,""Moscow, Russia"",Russia,Married,2,""Master, Saint Petersburg Mining University";" Bachelor of Arts/Science, State Central Institute of Physical Culture"",TRUE,POINT (37.6174943 55.7504461)";
"Jane Lauder,6,United States,beauty products,451,48,""New York, New York"",United States,Married,,""Bachelor of Arts/Science, Stanford University"",FALSE,POINT (-74.00601519999999 40.7127281)";;
"Martin Lorentzon,6,Sweden,Spotify,451,52,""Stockholm, Sweden"",Sweden,Single,,,TRUE,POINT (18.0710935 59.3251172)";;
"Isaac Perlmutter,6,United States,Marvel comics,451,78,""Palm Beach, Florida"",United States,Married,,,TRUE,POINT (-80.4494174 26.6279798)";;
"Jeff Skoll,6,United States,e-commerce,451,56,""Los Angeles, California"",United States,Single,,""Master of Business Administration, Stanford Graduate School of Business";" Bachelor of Arts/Science, University of Toronto"",TRUE,POINT (-118.242766 34.0536909)";
"Robert F. Smith,6,United States,private equity,451,58,""Austin, Texas"",United States,Married,7,""Master of Business Administration, Columbia University";" Bachelor of Arts/Science, Cornell University"",TRUE,POINT (-97.74369950000001 30.2711286)";
"John A. Sobrato & family,6,United States,real estate,451,81,""Atherton, California"",United States,Married,3,""Bachelor of Arts/Science, Santa Clara University"",TRUE,POINT (-122.2058272 37.453773)";;
"Ronald Wanek,6,United States,furniture,451,79,""Saint Petersburg, Florida"",United States,Married,3,""High School Graduate, High School"",TRUE,POINT (-82.66950850000001 27.7703796)";;
"Randa Duncan Williams,6,United States,pipelines,451,59,""Houston, Texas"",United States,Married,1,""Bachelor of Arts/Science, Rice University";" Doctor of Jurisprudence, University of Houston"",FALSE,POINT (-95.3676974 29.7589382)";
"Hansjoerg Wyss,6,Switzerland,medical devices,451,86,""Wilson, Wyoming"",Switzerland,Divorced,1,""Master of Business Administration, Harvard University";" Master of Science, Swiss Federal Institute of Technology"",TRUE,POINT (-110.8752112 43.5007599)";
"Chen Fashu,5.9,China,investments,472,60,""Fuzhou, China"",China,Married,4,China Europe International Business School,TRUE,POINT (116.3530413 27.9511188)";;
"Chen Rui,5.9,China,online entertainment,472,43,""Shanghai, China"",China,,,,TRUE,POINT (121.4692071 31.2322758)";;
"Christopher Hohn,5.9,United Kingdom,hedge funds,472,54,""London, United Kingdom"",United Kingdom,Divorced,,""Master of Business Administration, Harvard Business School"",TRUE,POINT (-0.1276474 51.5073219)";;
"Lin Jianhua & family,5.9,China,solar panel components,472,58,""Hangzhou, China"",China,Married,,,TRUE,POINT (120.2052342 30.2489634)";;
"Maria Asuncion Aramburuzabala & family,5.8,Mexico,""beer, investments"",476,58,""Mexico City, Mexico"",Mexico,Divorced,2,""Bachelor of Arts/Science, Instituto Tecnológico Autónomo de México"",FALSE,POINT (-99.1331785 19.4326296)";;
"Chan Laiwa & family,5.8,China,real estate,476,80,""Beijing, China"",China,Married,3,""Doctorate, Savannah College of Art and Design"",TRUE,POINT (116.3912757 39.906217)";;
"George Kaiser,5.8,United States,""oil & gas, banking"",476,78,""Tulsa, Oklahoma"",United States,Married,3,""Bachelor of Arts/Science, Harvard University";" Master of Business Administration, Harvard University"",FALSE,POINT (-95.9929113 36.1556805)";
"Ananda Krishnan,5.8,Malaysia,""telecoms, media, oil-services"",476,83,""Kuala Lumpur, Malaysia"",Malaysia,Married,3,""Master of Business Administration, Harvard University";" Bachelor of Arts/Science, Melbourne University"",TRUE,POINT (101.6942371 3.1516964)";
"Douglas Leone,5.8,United States,venture capital,476,63,""Atherton, California"",United States,Married,4,""Master of Science, Columbia University"; Bachelor of Arts/Science, Cornell University;" Master of Business Administration, MIT Sloan School of Management"",TRUE,POINT (-122.2058272 37.453773)"
"Li Chunan,5.8,China,renewable energy,476,52,""Fushun, China"",China,,,,TRUE,POINT (123.924157 41.8692972)";;
Li Ping,5.8,Hong Kong,batteries,476,,,,,,,,POINT (114.1628131 22.2793278);;
"William Li,5.8,China,electric vehicles,476,46,""Beijing, China"",China,,,,TRUE,POINT (116.3912757 39.906217)";;
"Augusto & Giorgio Perfetti,5.8,Italy,candy,476,,""Lugano, Switzerland"",Italy,,,,FALSE,POINT (8.9520281 46.0050102)";;
"Meg Whitman,5.8,United States,e-commerce,476,64,""Los Angeles, California"",United States,Married,2,""Master of Business Administration, Harvard Business School";" Bachelor of Arts/Science, Princeton University"",TRUE,POINT (-118.242766 34.0536909)";
"Neil Bluhm,5.7,United States,real estate,486,83,""Chicago, Illinois"",United States,Divorced,3,""Doctor of Jurisprudence, Northwestern University";" Bachelor of Arts/Science, University of Illinois, Urbana-Champaign"",TRUE,POINT (-87.6244212 41.8755616)";
"Andrew Currie,5.7,United Kingdom,chemicals,486,65,""London, United Kingdom"",United Kingdom,,,""Bachelor of Arts/Science, Cambridge University"",TRUE,POINT (-0.1276474 51.5073219)";;
"Tom Gores,5.7,United States,private equity,486,56,""Beverly Hills, California"",United States,Married,3,""Bachelor of Arts/Science, Michigan State University"",TRUE,POINT (-118.3963062 34.0696501)";;
"Michel Leclercq & family,5.7,France,sporting goods,486,81,""Lille, France"",France,Married,4,,FALSE,POINT (3.0635282 50.6365654)";;
"Michael Moritz,5.7,United States,venture capital,486,66,""San Francisco, California"",United States,Married,2,""Bachelor of Arts/Science, Christ Church, Oxford University";" Master of Business Administration, University of Pennsylvania, The Wharton School"",TRUE,POINT (-122.419906 37.7790262)";
"Nicolas Puech,5.7,France,Hermes,486,78,""Martigny, Switzerland"",France,,,,FALSE,POINT (7.0727354 46.103115)";;
"John Reece,5.7,United Kingdom,chemicals,486,64,""London, United Kingdom"",United Kingdom,,,""Bachelor of Arts/Science, Cambridge University"",TRUE,POINT (-0.1276474 51.5073219)";;
"Emanuele (Lino) Saputo & family,5.7,Canada,cheese,486,84,""Montreal, Canada"",Canada,Married,3,""Diploma, High School"",FALSE,POINT (-73.61036420000001 45.4972159)";;
Fred Smith,5.7,United States,finance,486,,,United States,,,,,POINT (-100.4458825 39.7837304);;
"Teh Hong Piow,5.7,Malaysia,banking,486,91,""Kuala Lumpur, Malaysia"",Malaysia,Married,4,""Bachelor of Arts/Science, University of Malaya"",TRUE,POINT (101.6942371 3.1516964)";;
"Rene Benko,5.6,Austria,""real estate, retail"",496,44,Austria,Austria,Married,4,,TRUE,POINT (13.2 47.2)";;
"Jack Dangermond,5.6,United States,mapping software,496,75,""Redlands, California"",United States,Married,,""Bachelor of Arts/Science, California State Polytechnical University"; Master of Science, Harvard University;" Master of Science, University of Minnesota"",TRUE,POINT (-117.1827445 34.0550328)"
"Stanley Druckenmiller,5.6,United States,hedge funds,496,67,""New York, New York"",United States,Married,,""Bachelor of Arts/Science, Bowdoin College"",TRUE,POINT (-74.00601519999999 40.7127281)";;
"Tamara Gustavson,5.6,United States,self storage,496,59,""Lexington, Kentucky"",United States,Married,2,""Bachelor of Arts/Science, University of Southern California"",FALSE,POINT (-84.4970393 38.0464066)";;
"Jian Jun,5.6,China,biomedical products,496,57,""Beijing, China"",China,,,""Master of Business Administration, Tsinghua University"",TRUE,POINT (116.3912757 39.906217)";;
"Kwee brothers,5.6,Singapore,Real Estate,496,,""Singapore, Singapore"",Singapore,,,,FALSE,POINT (103.8194992 1.357107)";;
"Clive Calder,5.5,United Kingdom,record label,502,74,""Grand Cayman, Cayman Islands"",United Kingdom,Married,2,,TRUE,POINT (-81.17122910000001 19.3298691)";;
"Hasmukh Chudgar & family,5.5,India,pharmaceutical,502,87,""Ahmedabad, India"",India,Married,3,,TRUE,POINT (72.5797068 23.0216238)";;
"Dagmar Dolby & family,5.5,United States,Dolby Laboratories,502,79,""San Francisco, California"",United States,Widowed,2,""Bachelor of Arts/Science, Heidelberg University"",FALSE,POINT (-122.419906 37.7790262)";;
"Dong Wei,5.5,China,pharmaceutical,502,50,""Lianyungang, China"",China,,,,TRUE,POINT (119.215813 34.5978596)";;
"Ken Fisher,5.5,United States,money management,502,70,""Camas, Washington"",United States,Married,3,""Bachelor of Arts/Science, Humboldt State University"",TRUE,POINT (-122.4122248 45.5911103)";;
"Ivan Glasenberg,5.5,Switzerland,mining,502,64,""Ruschlikon, Switzerland"",Switzerland,Married,2,""Master of Business Administration, Marshall School of Business";" Bachelor of Arts/Science, University of Witwatersrand"",TRUE,POINT (8.554642100000001 47.307465)";
"He Xiaopeng,5.5,China,electric vehicles,502,43,""Guangzhou, China"",China,,,,TRUE,POINT (113.2592945 23.1301964)";;
"Sumet Jiaravanon,5.5,Thailand,diversified,502,86,""Bangkok, Thailand"",Thailand,,,,FALSE,POINT (100.4930399 13.7544238)";;
"Karel Komarek,5.5,Czechia,""oil and gas, IT, lotteries"",502,52,""Verbier, Switzerland"",Czechia,Married,4,""Diploma, Hahnemann Medical College"",TRUE,POINT (7.2285478 46.0967949)";;
"Ronald Lauder,5.5,United States,beauty products,502,77,""New York, New York"",United States,Married,2,""Bachelor of Arts/Science, University of Pennsylvania, The Wharton School"",FALSE,POINT (-74.00601519999999 40.7127281)";;
"Mu Rongjun,5.5,China,e-commerce,502,41,""Beijing, China"",China,,,""Bachelor of Engineering, Tsinghua University";" Master, Tsinghua University"",TRUE,POINT (116.3912757 39.906217)";
"J. Christopher Reyes,5.5,United States,food distribution,502,67,""Hobe Sound, Florida"",United States,Married,4,""Bachelor of Arts/Science, University of Maryland"",TRUE,POINT (-80.13991799999999 27.080492)";;
"Jude Reyes,5.5,United States,food distribution,502,65,""Palm Beach, Florida"",United States,Married,3,""Bachelor of Arts/Science, Wofford College"",TRUE,POINT (-80.4494174 26.6279798)";;
"Kjell Inge Rokke,5.5,Norway,""shipping, seafood"",502,62,""Vettre, Norway"",Norway,Married,4,,TRUE,POINT (10.4654282 59.824372)";;
"Edward Roski, Jr.,5.5,United States,real estate,502,82,""Los Angeles, California"",United States,Married,3,""Bachelor of Arts/Science, University of Southern California"",FALSE,POINT (-118.242766 34.0536909)";;
"Alexandra Schoerghuber,5.5,Germany,real estate,502,62,""Munich, Germany"",Germany,Widowed,3,,FALSE,POINT (11.5753822 48.1371079)";;
"Shu Ping,5.5,Singapore,restaurants,502,,""Singapore, Singapore"",Singapore,Married,,,TRUE,POINT (103.8194992 1.357107)";;
"Christoph Zeller,5.5,Liechtenstein,dental implants,502,64,""Vaduz, Liechtenstein"",Liechtenstein,Married,,,FALSE,POINT (9.5227962 47.1392862)";;
"An Kang,5.4,China,pharmaceutical,520,72,""Xinxiang, China"",China,Married,,""Bachelor of Arts/Science, Henan Normal University"",TRUE,POINT (113.9202062 35.3021133)";;
